A1,A2,A4,A5,A6,A8,A9,A11,A12
Hennie,Hannenhalli,701,163-9973,ROSS,58776,S,30000,2.1034775
Jianjian,Jokiniemi,802,698-3590,BURLINGTON,5401,M,60000,4.1988535
Rene,Beke,801,619-2334,CORNISH,84308,M,25000,7.0
Mansour,Tawfik,419,466-1171,CLEVELAND,44111,S,20000,1.2099231
Dushyanth,Khetawat,417,131-3931,REPUBLIC,65738,S,40000,6.0
Byoung,Claire,347,721-3742,NEW YORK,10268,S,100000,4.5329266
Elben,Goullioud,731,666-7840,FLINTVILLE,37335,S,5000,0.0
Yuichiro,Uckun,808,605-9466,MOUNTAIN VIEW,96771,S,75000,8.25
PerOlof,Motwani,980,848-4643,POTECASI,27867,S,100000,7.8304195
Eduardus,Deineko,402,865-6591,BELVIDERE,68315,M,60000,6.84
Eser,Duparc,303,587-2027,CARR,80612,S,15000,4.63
Johnathan,Zullighoven,907,889-8447,KASILOF,99610,S,70000,0.0
Jianxi,Comyn,808,404-9902,NAALEHU,96772,M,35000,7.3486843
Ria,Lindenbaum,870,153-9204,ALTUS,72821,S,100000,7.0
Manju,Kipnis,443,126-6430,WEST RIVER,20778,S,95000,4.75
Dragan,Pagter,939,617-4759,MANATI,674,S,10000,0.0
Changsik,Jacques,818,112-1701,FELLOWS,93224,M,35000,7.7709284
Bryony,Bassolet,603,572-1629,BARNSTEAD,3218,S,35000,0.0
Chuda,Kirkham,517,835-2893,HOWELL,48863,S,5000,3.9
Mei,Boehm,651,906-4303,ANGLE INLET,56711,S,40000,6.3900213
Charley,Surya,302,616-2532,NEWARK,19725,M,15000,2.8818183
Ina,Muhlen,551,724-1961,STONE HARBOR,8247,M,15000,1.4
Jonas,Malolepszy,907,910-1881,ANCHORAGE,99510,M,55000,0.0
Zhixue,Lucks,856,583-5483,SHREWSBURY,7702,M,45000,1.7942708
Xianjing,Jolfaei,479,595-1516,CALDWELL,72322,M,35000,7.0
Maitreya,Wiegley,501,134-4359,PINEVILLE,72566,M,90000,7.0
Khurram,Kawakami,878,202-9679,ALTOONA,16601,M,60000,3.07
Catharine,Dass,719,840-8003,FORT LUPTON,80621,M,95000,4.63
Oron,Gerke,205,630-9271,EUFAULA,36027,S,10000,5.0
Hideki,Middleton,307,363-3684,CLEARMONT,82835,M,60000,0.0
Eike,Michailidis,208,367-3449,MERIDIAN,83646,M,50000,7.8
Wiiliam,Devesa,219,282-6761,BIPPUS,46713,S,40000,3.4
Deborah,Kroll,315,624-1878,DEER PARK,11729,M,55000,4.272256
Jeno,Broodsky,580,798-1694,WARNER,74469,M,50000,6.25
Chanathip,Sessa,919,331-8110,WINSTON SALEM,27157,S,75000,7.305944
Noburu,Luzi,605,556-1199,KAYLOR,57354,S,60000,0.0
Guoqiang,Busillo,856,545-4920,WINSLOW,8095,S,45000,1.7942708
Mel,Schend,479,851-3156,FORREST CITY,72336,M,20000,4.9682083
Judi,Engelmann,803,335-9638,SWANSEA,29160,S,45000,7.0
Evgeny,Waheed,769,659-1774,ETTA,38627,M,50000,5.0
Estrella,Bertilsson,406,346-4682,GREAT FALLS,59401,S,90000,6.9
Tomonari,Yeap,434,983-5738,DOLPHIN,23843,M,70000,5.75
Alvaro,Rivard,408,405-9244,ALHAMBRA,91841,S,100000,9.3
Neville,Trivett,443,939-6008,BETHESDA,20816,S,70000,4.75
Serban,Melzak,208,298-6872,PINEHURST,83850,S,65000,7.8
Farzan,Knowles,808,345-8649,HONOLULU,96810,S,60000,8.25
Fredric,Petry,478,930-7660,GRAYSON,30017,S,65000,6.0
Timm,Bhagavathi,337,174-9635,BATON ROUGE,70891,M,100000,6.0
Lynnau,Jarzabek,865,464-9868,BROWNSVILLE,38012,S,40000,0.0
Etsuko,d'Inverno,618,969-5285,MOUND CITY,62963,M,30000,3.0
Nate,Koshkin,505,978-8287,DEMING,88030,M,10000,3.2428572
Jolita,Can,843,596-1844,GABLE,29051,S,25000,7.0
Blagovest,Heemskerk,870,173-5525,MALVERN,72104,S,15000,3.773037
Andris,Gammill,256,156-5986,BRANTLEY,36009,S,10000,5.0
Xiaopeng,Cheiner,910,537-5160,RALEIGH,27690,M,20000,6.1520977
Burkhard,Ballin,209,291-9116,LOS ANGELES,90068,S,100000,9.3
Sachio,Franzblau,309,298-8689,HARDIN,62047,S,95000,3.0
Yucai,Leonidas,307,671-7685,AUBURN,83111,S,35000,0.0
Meltem,Osterloh,202,144-4863,WASHINGTON,20539,S,95000,9.0
Hiroki,Winters,205,462-8357,VANDIVER,35176,S,80000,5.0
Soojung,Breuker,920,378-6942,GREEN BAY,54303,M,15000,4.707031
JoAnne,Bergstra,857,981-2818,NATICK,1760,M,35000,5.3
Thoms,Ebeling,216,896-3824,BLISSFIELD,43805,S,95000,3.6995387
Yigal,Krabbel,765,213-2549,CLAYTON,46118,S,65000,3.4
Rosalyn,Pinckney,781,527-2356,SALEM,1971,M,80000,5.3
Zhibin,Peterka,715,166-2135,MILWAUKEE,53244,S,50000,5.3151608
Keshab,Kubera,708,359-8771,FOX VALLEY,60599,S,90000,3.0
Ragui,Shokrollahi,201,713-7145,MILLSTONE TOWNSHIP,8535,S,5000,1.4
Felicity,Latyshev,307,133-1064,CHEYENNE,82009,M,85000,0.0
Heng,Pelz,312,333-1255,REDDICK,60961,S,5000,3.0
Xiaowei,Michalakopoulos,605,153-5365,MANDERSON,57756,M,5000,0.0
Houari,Zaimov,443,394-9085,SPENCERVILLE,20868,S,40000,4.75
Teresemarie,Aso,401,686-2628,WESTERLY,2891,S,60000,0.0
Milvio,Cippico,207,378-4165,AUGUSTA,4336,S,20000,8.5
Surapant,Bail,864,547-2497,CORDOVA,29039,S,15000,7.0
Constantine,Nitsch,719,183-3382,PENROSE,81240,S,75000,4.63
Kyosun,Dahlhaus,435,767-4129,SALT LAKE CITY,84133,M,30000,7.0
Keiji,Kennamer,870,423-1116,LUXORA,72358,S,70000,7.0
Angkul,Hamrick,318,475-8528,METAIRIE,70006,S,35000,6.0
Pui,Stenstrom,937,440-9174,COLUMBUS,43209,M,90000,3.533564
Wilmer,Brizzi,973,170-6348,HACKENSACK,7601,S,10000,1.4
Keju,Obradovich,828,874-7542,ROCKY MOUNT,27801,M,45000,6.6765733
Mei,Brolio,347,631-2873,DEANSBORO,13328,S,100000,4.5329266
Daan,Givens,308,787-2479,BELLEVUE,68123,M,20000,5.685643
Kuhanandha,Strothotte,325,821-4378,TOW,78672,S,20000,0.0
Sukhmay,Kaio,505,467-9996,LOS LUNAS,87031,M,65000,5.3
Joacheim,Goodby,605,240-9915,WESTPORT,57481,M,20000,0.0
Irith,Cestnik,308,162-8455,WESTON,68070,S,50000,6.84
Liao,Viehstaedt,920,713-4471,IRON BELT,54536,S,55000,5.4020367
Rang,Fordan,605,302-3147,MILESVILLE,57553,S,55000,0.0
Hidetsune,McAffer,605,808-3276,MURDO,57559,S,75000,0.0
Giorgio,Aue,812,529-5445,INDIANAPOLIS,46291,M,65000,3.4
Vinod,Olano,701,557-5034,MICHIGAN,58259,M,10000,2.1
Wassili,Marinissen,970,876-4713,CRESTED BUTTE,81224,M,55000,4.63
Zinovy,Simovich,301,605-3763,DARLINGTON,21034,M,15000,4.75
Lingtao,Keohane,321,795-5178,CAPTIVA,33924,S,15000,0.0
Royce,Tagansky,317,525-2037,FLOYDS KNOBS,47119,S,65000,3.4
Ramaswami,Wise,512,860-3448,MISSOURI CITY,77489,M,15000,0.0
Aikira,Bamford,480,946-1029,PHOENIX,85079,S,10000,2.87
Puneet,Chown,208,633-5699,GENESEE,83832,S,45000,7.8
Christhard,Shilcrat,718,931-9214,PORT EWEN,12466,M,15000,4.040549
Zahi,Baroglio,774,330-2516,BOSTON,2266,M,95000,5.3
Feniosky,Akaboshi,769,987-8822,GEORGETOWN,39078,S,90000,5.0
Nobukazu,Desal,504,870-6692,NORCO,70079,M,70000,6.0
Mugo,Agius,401,139-1208,PROVIDENCE,2901,S,65000,0.0
Mathis,Koblitz,307,252-2639,NATRONA,82646,M,5000,0.0
Xuemin,Rich,561,520-5838,STUART,34994,M,45000,0.0
Theodosios,Stanculescu,707,275-5509,SAN DIEGO,92135,S,35000,7.7709284
Theodore,Hillebrand,571,635-2640,CHINCOTEAGUE ISLAND,23336,S,65000,5.75
Hussein,Ramsey,770,808-9183,FAYETTEVILLE,30214,M,40000,6.0
Cormac,Gradel,605,615-9997,HARRISON,57344,S,35000,0.0
Mechtild,Aigrain,712,453-3790,BEAVER,50031,S,10000,1.7078737
Nestor,Day,978,460-9061,ORANGE,1364,M,65000,5.3
Pratap,Maloney,662,752-3853,PINOLA,39149,M,20000,5.0
Joydeep,Bias,602,848-3705,KAIBETO,86053,S,5000,2.87
M'hamed,Quiles,928,233-6405,GLENDALE,85304,S,75000,3.8775
Nabih,Habel,605,847-1442,OACOMA,57365,M,40000,0.0
Fredrik,Hanata,401,262-2073,CENTRAL FALLS,2863,S,25000,0.0
Koppolu,Guiu,913,307-1576,TOPEKA,66611,S,45000,6.45
Hana,Walinsky,276,448-3813,WARRENTON,20187,S,10000,3875
Kanwar,Holcombe,386,347-6780,MIAMI,33299,S,60000,0.0
Masaki,Venkataraman,479,772-5434,WILMOT,71676,S,40000,7.0
Shivraj,Medvidovic,610,886-2499,NORTHUMBERLAND,17857,M,95000,3.07
Molly,Multari,505,507-2751,DEXTER,88230,S,25000,5.3
Edmundo,Thalheim,205,624-2917,BIRMINGHAM,35228,M,100000,5.0
Domen,Bashandy,551,441-5820,NORTH BRUNSWICK,8902,M,70000,2.1885417
Keju,Click,678,129-4683,EASTANOLLEE,30538,M,20000,6.0
Stefaan,Ullrich,843,985-6808,CONWAY,29526,M,80000,7.0
Tulika,Massotte,856,885-1737,EAST BRUNSWICK,8816,M,70000,2.1885417
Souri,Muhammad,509,453-6972,BRINNON,98320,S,30000,0.0
Berto,Kriegman,205,970-3645,BIRMINGHAM,35240,S,100000,5.0
Eddi,Sander,787,983-7454,LOIZA,772,M,30000,0.0
Shinsuke,Tourancheau,808,175-1614,WAKE ISLAND,96898,M,100000,8.25
Steffen,Jacquet,336,899-9741,GREENSBORO,27413,M,100000,7.8304195
Anargyros,Mallett,775,264-1906,LAS VEGAS,89164,M,35000,0.0
Alistair,Deuel,270,654-9539,WASHINGTON,41096,S,20000,2.9444444
Nadir,Gille,573,523-8484,KANSAS CITY,64172,S,40000,6.0
Hilan,Lapkowski,803,448-8223,COLUMBIA,29208,S,60000,7.0
Heping,Kaarela,203,238-9416,NEW HAVEN,6540,M,80000,5.0
Tammy,Raje,435,689-6436,OGDEN,84244,M,100000,7.0
HweeHwa,Dharanipragada,563,364-7693,WALKER,52352,S,10000,1.7078737
Kavi,Uhrik,580,303-2845,OKLAHOMA CITY,73154,S,40000,6.25
Tiziano,Haban,774,757-5533,UPTON,1568,M,30000,5.3
Willa,Ruemmler,336,534-5624,RALEIGH,27609,M,30000,6.361888
Polle,Zeidenstein,954,601-7062,FORT LAUDERDALE,33323,S,85000,0.0
Michinori,Rela,207,892-4041,LEWISTON,4241,S,100000,8.5
Subhasish,Werling,601,175-3083,SLEDGE,38670,S,100000,5.0
Alyson,Feuerman,707,732-5199,POLLOCK PINES,95726,M,95000,9.3
Sangchul,Dunbar,859,298-7683,HISEVILLE,42152,M,50000,4.611111
Nic,Meekings,559,732-9574,SACRAMENTO,95832,M,80000,9.3
Tuvi,Blumenrohr,302,179-4141,NEWARK,19716,M,95000,5.95
Jiangtao,Wouk,939,954-9457,SAN JUAN,926,S,95000,0.0
Ren,Achilles,406,627-5923,WHITEHALL,59759,S,50000,6.9
Tassos,Herbst,479,662-9190,FORT SMITH,72906,S,95000,7.0
Adib,Malaveta,302,375-1331,FENWICK ISLAND,19944,S,50000,5.268182
Adhemar,Prevel,931,407-3380,ATHENS,37371,S,20000,0.0
Gabriella,Nagavamsi,802,703-3505,NORWICH,5055,S,50000,3.9998987
Youngmok,Panagopoulos,207,788-7698,HARBORSIDE,4642,S,10000,4.5857663
Oron,Conte,845,164-7741,SYRACUSE,13235,S,50000,4.243293
Yuehong,Picton,202,694-7080,WASHINGTON,20552,M,45000,9.0
Ergun,Zirkelbach,719,965-9855,BOULDER,80328,M,40000,4.63
Reme,Masiero,815,591-8979,CLINTON,61727,S,100000,3.0
Sebastiano,Gooday,662,898-7892,JAYESS,39641,M,40000,5.0
Naseem,Colorni,785,697-6679,ABBYVILLE,67510,S,75000,6.45
Jefferson,Staggers,718,887-2009,WALWORTH,14568,M,50000,4.243293
Yakichi,Wunderlin,205,622-2467,DEMOPOLIS,36732,S,40000,5.0
Suzette,Gustafsson,612,781-7163,HAMPTON,55031,M,40000,6.3900213
True,Giovanetti,626,259-2367,SAN DIEGO,92126,S,25000,5.410157
Mihalis,Piperakis,217,937-9501,BREESE,62230,M,30000,3.0
Gill,Goldsby,703,181-1130,RICHMOND,23232,S,80000,5.75
Dammmian,Soreide,308,166-1977,OMAHA,68172,M,20000,5.685643
Subhas,Baranowski,505,925-6869,ALBUQUERQUE,87195,S,85000,5.3
Maylis,Hemaspaandra,662,446-2198,JACKSON,39211,M,20000,5.0
Aya,Kochskamper,207,677-5974,BLAINE,4734,S,95000,8.5
Palle,Krabbel,304,155-3860,JUNIOR,26275,M,10000,3.0
Satya,Ducret,351,814-7040,PROVINCETOWN,2657,S,55000,5.3
Hongwen,Ernst,208,145-9738,SUN VALLEY,83353,S,5000,2.6903439
Terilyn,Balluchi,360,536-5494,SELAH,98942,M,10000,0.0
Stanislav,Nerima,808,927-5597,SCHOFIELD BARRACKS,96857,S,30000,6.447368
Ilan,Gaborit,270,669-9957,CROMONA,41810,S,50000,4.611111
Selmin,Kans,202,329-1561,WASHINGTON,20216,M,90000,9.0
Teri,Rembowski,405,781-8206,TULSA,74171,S,40000,6.25
Berry,Rauhe,641,228-8060,OSKALOOSA,52577,S,80000,8.98
Jayadev,Demizu,276,836-5028,GOLDVEIN,22720,M,50000,5.75
Joceli,Baldan,618,240-1541,SPRINGFIELD,62719,S,10000,3.0
Qui,Malitz,651,389-8994,AURORA,55705,M,15000,5.35
Taizan,McCoy,402,702-1782,BURR,68324,M,65000,6.84
Geir,Kara,402,836-3044,OMAHA,68179,S,65000,6.84
Djenana,Gravano,520,985-2017,POLACCA,86042,M,90000,4.11
Carmelo,Terenzi,504,100-7976,NEW ORLEANS,70129,S,15000,2.8
Martien,Swartout,404,636-6305,HORTENSE,31543,S,100000,6.0
Bodh,Brazdil,307,357-4636,WAMSUTTER,82336,S,70000,0.0
Zhongcheng,Tarlescu,307,522-7907,EVANSVILLE,82636,M,20000,0.0
Annegret,Wolf,864,789-4250,FLORENCE,29501,S,45000,7.0
Roded,Wavish,251,624-7274,SHANNON,35142,S,35000,5.0
Vram,Baudino,701,161-4229,SCRANTON,58653,S,95000,2.8569736
Seongyeol,Auletta,505,493-3846,ALBUQUERQUE,87195,M,70000,5.3
Shaoyu,Rowen,567,535-4739,SOMERDALE,44678,M,25000,1.3758974
Spira,Will,614,273-3915,NORWICH,43767,M,30000,1.5418718
Lifeng,Rivett,228,771-9951,MERIDIAN,39307,M,40000,5.0
Nada,Strout,314,398-5573,HELENA,64459,M,50000,6.0
Ornan,Tomassini,808,812-8815,KEALAKEKUA,96750,S,95000,8.25
Yingxu,Sensen,605,600-7109,WINFRED,57076,S,100000,0.0
Alexius,Deville,262,189-2425,HAWTHORNE,54842,S,60000,5.488912
Saulo,Bhatt,502,180-7770,FLATGAP,41219,S,75000,6.0
Rachida,Morrin,302,447-5664,NEWARK,19718,M,55000,5.609091
Phil,Erie,440,937-9140,POWHATAN POINT,43942,M,80000,3.2016153
Jaan,Simkin,606,410-7372,JEREMIAH,41826,M,30000,3.5
Toney,Padget,412,957-4247,GREELEY,18425,M,80000,3.07
Seungjoon,Kornatzky,605,384-3449,PRINGLE,57773,S,65000,0.0
Kent,Crames,580,323-2414,TULSA,74132,S,10000,6.25
Subhada,Tuminaro,913,626-7505,HOISINGTON,67544,M,25000,5.4666667
Hosam,Dedood,775,999-7072,RENO,89503,S,20000,0.0
Debbie,Chaturvedi,417,164-7458,KANSAS CITY,64166,S,70000,6.0
Hyungjeong,Hofmeyr,702,774-9221,RUTH,89319,S,50000,0.0
Adelinde,Torelli,228,646-2362,MICHIGAN CITY,38647,S,65000,5.0
Yahia,Lueh,603,464-4898,WARREN,3279,S,15000,0.0
Munehiko,Peck,901,422-2209,TRIMBLE,38259,M,15000,0.0
Zhiming,Kaklamani,775,422-6400,SMITH,89430,M,30000,0.0
Zhenyi,Galdes,607,355-2344,REMSENBURG,11960,S,45000,4.2143292
Rajamani,Salverda,413,994-5750,OAK BLUFFS,2557,M,80000,5.3
Sreerama,Durer,717,205-4454,WILLIAMSPORT,17702,S,65000,3.07
Werasak,Jungmann,515,734-9027,SHENANDOAH,51601,M,70000,8.98
Yousri,Campr,504,725-7269,FENTON,70640,M,80000,6.0
Mingsheng,Cedeno,207,625-4782,WATERFORD,4088,S,30000,8.5
Isabella,Lavrac,360,131-3926,VANCOUVER,98662,S,50000,0.0
Soraja,Manacher,808,853-5536,SCHOFIELD BARRACKS,96857,S,65000,8.25
Michaela,Pols,302,558-7430,HARRINGTON,19952,S,20000,3.2227273
Brig,Mitter,435,571-4980,SALT LAKE CITY,84123,M,60000,7.0
Jengwei,Bidwell,207,893-2215,WEST FORKS,4985,M,50000,8.5
Yehea,Priebe,240,940-8866,SILVER SPRING,20905,M,65000,4.75
Berend,Vauttier,505,644-1913,LAS CRUCES,88013,M,20000,5.3
Lily,Hallowell,787,991-5668,VIEQUES,765,S,10000,0.0
Ned,Nemani,808,887-2712,LANAI CITY,96763,S,40000,8.25
Healfdene,Kohlhase,775,973-4931,SILVERPEAK,89047,S,65000,0.0
Radha,Mahalanabis,712,794-8944,SIOUX CENTER,51250,S,55000,8.65488
Deepak,Dimitriev,336,550-4466,IRON STATION,28080,M,50000,6.7814684
Agha,Kadhim,810,654-6473,FLINT,48555,M,90000,3.9
Youfeng,Bod,406,396-6238,HELENA,59604,M,30000,6.9
Juhani,Stanfel,228,485-2893,COLUMBUS,39704,S,30000,5.0
Weijing,Tabet,870,383-5244,RATCLIFF,72951,S,85000,7.0
Pranjal,Tolga,731,142-6226,RIDDLETON,37151,M,75000,0.0
Kwangsub,Kartik,510,718-3284,ELDRIDGE,95431,M,100000,9.3
Djenana,Peuto,330,807-6218,COLUMBUS,43216,S,35000,1.7078462
Bharadwaj,Nitzan,316,100-3309,TOWANDA,67144,M,20000,4.483333
Juichirou,Thielscher,636,103-6038,SMITHVILLE,64089,S,40000,6.0
Gaetan,McDonnell,971,137-3613,CRABTREE,97335,S,45000,9.0
Kanti,Borgstrom,505,263-4266,GARFIELD,87936,S,15000,4.957143
Zvi,Meuser,603,494-7925,DOVER,3822,M,85000,0.0
Zoubir,Miculan,307,898-8197,NEWCASTLE,82701,M,75000,0.0
Ernestina,Bishr,402,509-8755,PAGE,68766,M,70000,6.84
Laxmikant,Crosby,215,602-7181,MILL CREEK,17060,S,35000,3.07
Hatsukazu,Chouraqui,765,892-9282,CICERO,46034,M,35000,3.4
Cornelia,Bednarek,503,289-4305,OREGON CITY,97045,S,40000,9.0
Devika,Bitter,251,697-8297,FLORENCE,35630,S,35000,5.0
Kazuho,Basermann,302,370-1027,FENWICK ISLAND,19944,S,70000,5.95
Peter,Kriegel,262,677-9606,ELROY,53929,S,85000,5.9232907
Sidhar,Vetterli,319,464-2970,VENTURA,50482,S,90000,8.98
Jim,Hadon,201,121-4882,HASKELL,7420,M,85000,2.4251041
Camino,Reed,307,159-4606,BASIN,82410,M,70000,0.0
Bian,Fischetti,316,912-3038,REXFORD,67753,M,75000,6.45
Haim,Isenberg,804,523-8195,RADFORD,24142,M,25000,5.75
Jianxun,Feeley,734,382-3683,TWIN LAKE,49457,S,30000,3.9
Vasilis,Grana,712,335-3902,DUBUQUE,52099,M,75000,8.98
Bella,Dunki,312,909-4692,ELLERY,62833,S,80000,3.0
Ronan,Marchok,318,572-5239,SHREVEPORT,71129,M,25000,6.0
Yuzo,Heping,702,823-2457,LAS VEGAS,89185,M,40000,0.0
Assia,Nepomnjashchaja,870,897-9553,BRADLEY,71826,S,20000,4.9682083
Liao,Azzam,435,553-3979,OAK CITY,84649,M,85000,7.0
Kaye,Muharemagic,503,145-6689,TILLAMOOK,97141,M,35000,9.0
Dave,Blache,603,168-6719,JEFFERSON,3583,S,35000,0.0
Monish,Brazier,320,447-2625,MONTICELLO,55582,S,85000,7.85
Nimmagadda,Yano,501,844-8714,DE QUEEN,71832,M,70000,7.0
Vanja,Konstam,848,539-3890,HAWTHORNE,7507,S,95000,2.5828125
Masako,McWilliams,731,278-3552,BOLIVAR,38008,M,45000,0.0
Begona,Varney,701,366-5903,WHEATLAND,58079,M,5000,2.1
Ysolde,Minoura,612,666-8187,SAINT PAUL,55102,M,75000,7.85
Seungwang,Hylton,907,937-8864,KOYUK,99753,S,10000,0.0
Suresh,Tomas,430,511-4200,SLIDELL,76267,M,15000,0.0
Gisela,Tayara,620,480-5560,HOME,66438,M,40000,6.45
Pinaki,Halevi,931,355-5428,MAURY CITY,38050,S,65000,0.0
Yellamraju,Bacciotti,980,961-2574,REIDSVILLE,27323,M,30000,6.361888
Brajendra,Lanzarone,907,782-9117,INDIAN,99540,S,55000,0.0
Cort,Reistad,704,508-6766,MAPLE,27956,M,65000,7.0961537
Barton,Bala,501,166-5993,PALESTINE,72372,M,75000,7.0
Tassos,Nedjah,918,408-5162,PAOLI,73074,M,30000,6.25
Look,Scheibelhut,406,531-2270,BOYES,59316,S,85000,6.9
Olavi,Narendra,941,125-6928,LAKE WORTH,33466,S,40000,0.0
Mirna,Rogozhnikova,775,938-8384,MINA,89422,S,25000,0.0
Emmett,Undy,205,515-2989,PHENIX CITY,36867,M,50000,5.0
Jaime,Ahanger,202,916-8804,WASHINGTON,20444,S,40000,9.0
Mamata,Mesnard,775,676-8853,THE LAKES,88901,M,10000,0.0
Dario,Gracia,515,127-4703,CEDAR FALLS,50614,S,80000,8.98
Tinsley,Nojima,606,223-7688,BROWDER,42326,S,75000,6.0
Sterling,Faron,802,133-9786,WOLCOTT,5680,S,15000,3.6
Yongfei,Yaku,425,832-3275,MONROE,98272,M,25000,0.0
Hyuckchul,Hollenberg,615,650-9113,GADSDEN,38337,S,5000,0.0
Mariano,Stylianou,207,658-1534,NEWFIELD,4056,M,85000,8.5
Shahrokh,Suwunboriruksa,316,354-3206,BUCYRUS,66013,M,80000,6.45
Tarang,Howerton,860,153-8923,CORNWALL,6753,M,30000,5.0
Wiebe,Denti,413,742-7566,BUZZARDS BAY,2542,M,50000,5.3
Richards,Bereiter,307,674-7718,MC KINNON,82938,S,70000,0.0
Minkai,Pils,857,445-7264,NORTH FALMOUTH,2556,M,70000,5.3
Amit,Bala,540,256-2473,NORA,24272,M,25000,5.75
Nur,Diede,425,140-2903,SEATTLE,98121,S,45000,0.0
Mingfang,Poss,615,806-9018,FLINTVILLE,37335,M,50000,0.0
Bhanu,Haass,660,155-8588,HOLT,64048,M,45000,6.0
Masahide,Kartik,727,714-9909,SUN CITY CENTER,33573,S,10000,0.0
Zoe,Demoen,304,916-9644,OSAGE,26543,M,60000,6.5
Hiroyasu,Steffen,256,300-9159,PELL CITY,35128,S,45000,5.0
Kristiina,Ghalwash,605,390-1538,GAYVILLE,57031,M,30000,0.0
Lyle,Tarn,208,411-6132,COCOLALLA,83813,S,20000,6.948391
Vaibhav,Taka,620,981-4469,SYCAMORE,67363,M,95000,6.45
Darwyn,Walicki,318,496-2167,LIVONIA,70755,S,50000,6.0
Vicente,Rozen,614,433-5585,MANSFIELD,44902,S,45000,2.039795
Ramasamy,Rahier,859,653-4110,SCOTTSVILLE,42164,S,75000,6.0
Kousuke,Bael,608,470-6858,JANESVILLE,53546,S,5000,4.6
Leighton,Uyar,502,916-9073,BLOOMFIELD,40008,M,100000,6.0
Samual,Kushner,229,220-1271,PERKINS,30822,M,95000,6.0
Ortwin,Aczel,954,543-4089,TAMPA,33688,M,10000,0.0
Aiguo,Bhattacharjee,224,833-1447,ROCKFORD,61101,M,50000,3.0
Deoraj,Dilger,808,665-4700,MAKAWELI,96769,M,10000,2.8421054
Lenhart,Roucairol,435,579-9361,ANNABELLA,84711,M,80000,7.0
Marina,Ygge,727,404-3818,LAKESHORE,33854,M,35000,0.0
Djemal,Welten,319,296-5365,COLUMBUS CITY,52737,M,75000,8.98
Michio,Danneberg,360,348-2758,TAHOLAH,98587,M,80000,0.0
Vitaliano,McDougal,302,608-3382,NEW CASTLE,19721,M,50000,5.268182
Mujdat,Flass,617,677-3400,NORTH HATFIELD,1066,M,55000,5.3
Shyam,Basermann,401,193-7183,OAKLAND,2858,M,75000,0.0
Ronnie,Gihr,503,861-9348,KENO,97627,S,80000,9.0
Dzung,Mascle,601,515-4560,WALLS,38680,S,10000,5.0
Jaideep,Aybay,505,480-2308,TREMENTINA,88439,S,15000,4.957143
Natasha,Leemeijer,307,657-7561,ROCK RIVER,82083,M,55000,0.0
Deron,Suchak,267,584-6192,GORDONVILLE,17529,M,30000,3.07
Bashir,Grushcow,802,858-6041,SHARON,5065,M,85000,4.69624
Takahiro,Vieweg,208,831-6393,EASTPORT,83826,M,15000,5.529042
Maryam,Yanike,580,231-2339,GOLTRY,73739,S,100000,6.25
Chetan,Cosica,201,643-3794,STRATHMERE,8248,M,100000,2.6616669
Aleksandar,Creech,319,767-8035,MANSON,50563,S,50000,7.8829904
Nabih,Sawaya,603,214-8823,FARMINGTON,3835,S,45000,0.0
Ymte,Gore,515,315-8902,SAINT ANTHONY,50239,M,85000,8.98
Rusti,Gerling,205,758-3453,CHAPMAN,36015,S,85000,5.0
Ceon,Matthew,870,822-4108,FULTON,71838,M,60000,7.0
Radomir,Foret,660,812-8023,KANSAS CITY,64168,M,75000,6.0
Gerbert,Mashey,308,410-9392,SAINT EDWARD,68660,S,95000,6.84
Tuyan,Facello,240,467-4740,SANDY SPRING,20860,M,50000,4.75
Shawna,Vosburgh,401,537-3373,PROVIDENCE,2918,M,30000,0.0
Jongho,Schrift,775,965-8136,WASHOE VALLEY,89704,M,60000,0.0
Brent,O'Young,434,997-2089,MC LEAN,22108,M,5000,2.5357144
Evangeline,Pecuchet,330,398-8143,FARMERSVILLE,45325,M,90000,3.533564
Oya,Zuiderveld,907,985-4238,ANCHORAGE,99511,M,15000,0.0
Teofilo,Rajamony,904,928-4111,SAINT AUGUSTINE,32086,M,5000,0.0
Calogero,Terenzi,757,894-8806,KING AND QUEEN COURT HOUSE,23085,M,100000,5.75
Iasson,Frolund,775,204-8186,NORTH LAS VEGAS,89033,S,15000,0.0
Cho,Herlea,304,936-6228,CHARLESTON,25392,M,30000,4.4
Corentin,Friman,574,532-6370,INDIANAPOLIS,46205,S,50000,3.4
Ahvin,Klement,217,325-5615,CLAYTONVILLE,60926,M,25000,3.0
Yuka,Chown,505,299-6460,CORDOVA,87523,S,45000,5.3
Khaled,Oxenboll,808,630-9517,HONOLULU,96801,M,95000,8.25
Antanas,Kishida,302,347-2262,WILMINGTON,19885,M,20000,3.2227273
Antonios,Kaltofen,501,613-6703,CHIDESTER,71726,M,10000,2.5778654
Gustav,Seidewitz,540,998-9118,CASCADE,24069,M,95000,5.75
Errol,Danielsson,972,407-6110,ROUND TOP,78954,M,50000,0.0
Rudy,Kroeker,408,809-4020,DOUGLAS FLAT,95229,M,90000,9.3
Minnie,Spiro,662,516-6401,STEENS,39766,M,40000,5.0
Monish,Tuomenoksa,860,587-7110,TOLLAND,6084,M,60000,5.0
Yihua,Sykas,970,555-4852,GREEN MOUNTAIN FALLS,80819,S,70000,4.63
Giulio,Torelli,520,747-4430,PHOENIX,85033,S,90000,4.11
Pierluigi,Siochi,660,199-6995,SKIDMORE,64487,S,35000,6.0
Shin'ya,Punnen,828,980-1602,OTTO,28763,M,70000,7.201049
Camino,Bartschi,260,276-8840,WINDFALL,46076,S,50000,3.4
Wee,Friedland,256,152-9716,BIRMINGHAM,35278,M,20000,5.0
Mang,Bergin,912,761-7321,POWDER SPRINGS,30127,S,90000,6.0
Ruiz,Shnaider,623,403-2146,PHOENIX,85096,S,55000,3.5674999
Bernard,Paleologo,808,316-2406,EWA BEACH,96706,S,60000,8.25
Rieko,Zockler,603,394-4162,RYE,3870,M,35000,0.0
Baiju,Rubsam,319,784-1400,UNION,50258,S,20000,3.2516527
Kewal,Carchiolo,804,577-2785,ROANOKE,24027,S,10000,3875
ChengFu,Clares,702,747-1519,NORTH LAS VEGAS,89033,S,90000,0.0
Ian,Piramuthu,901,642-5045,NASHVILLE,37204,S,80000,0.0
Qui,Halker,304,983-9401,GAP MILLS,24941,S,60000,6.5
Burkhard,Babai,207,476-9038,WALLAGRASS,4781,M,35000,8.5
Aruna,Berger,843,488-4564,BEAUFORT,29901,M,70000,7.0
Rumen,Chilukuri,906,773-5056,DANSVILLE,48819,S,100000,3.9
Gert,Vrckovnik,202,569-8300,WASHINGTON,20235,S,50000,9.0
Lilin,Dar,201,440-4582,OXFORD,7863,M,80000,2.34625
Jarno,Messabih,201,123-5914,HOLMDEL,7733,M,70000,2.1885417
Jared,Martschew,308,246-1937,VALPARAISO,68065,M,85000,6.84
Seungjae,Middelburg,732,511-8927,BELVIDERE,7823,S,30000,1.5577083
Minshine,Penniman,801,576-7696,HEBER CITY,84032,S,55000,7.0
IlYoung,Abbasi,614,565-9963,COLUMBUS,43212,M,100000,3.8655128
Yuxi,Jostes,802,347-1748,CUTTINGSVILLE,5738,M,70000,4.397808
Yutaka,Kroon,801,453-7051,OGDEN,84412,M,25000,7.0
Sanjiva,Halpin,207,803-3555,SPRINGFIELD,4487,S,25000,8.5
Tzusheng,Poletto,302,879-8534,FRANKFORD,19945,S,40000,4.586364
Katsuyuki,Azumi,551,971-6430,BROADWAY,8808,M,30000,1.5577083
Genta,Beck,406,852-9258,DEER LODGE,59722,S,30000,6.9
Nora,Gurzhiv,608,671-8079,LA POINTE,54850,S,20000,4.7939067
Golden,Range,769,600-6222,LUCEDALE,39452,M,30000,5.0
Mathai,Bub,208,262-4179,COEUR D ALENE,83815,S,20000,6.948391
Barrett,Gonzalez,775,961-7164,GABBS,89409,S,30000,0.0
Gully,Broll,781,692-8015,NEW BEDFORD,2742,M,15000,5.3
Zeydy,Erde,219,534-7307,HYMERA,47855,S,60000,3.4
Giansalvatore,Nagahisa,307,787-6875,BYRON,82412,S,10000,0.0
Jonny,Waterhouse,989,555-4640,DETROIT,48209,S,75000,3.9
Rujith,Hagmann,308,954-7657,WAVERLY,68462,M,100000,6.84
Adrianus,Abell,856,651-5437,JERSEY CITY,7395,S,10000,1.4
Guri,Montalbano,508,607-2954,SOMERSET,2725,S,75000,5.3
Mustafa,Vafaie,878,737-3492,GARNET VALLEY,19060,S,90000,3.07
Surendranath,Kavi,302,654-1065,DOVER AFB,19902,S,65000,5.95
Ivor,Peron,479,829-1077,DOLPH,72528,M,15000,3.773037
Kwangjo,Proietti,787,249-3630,SAN JUAN,901,M,80000,0.0
Zoubir,Koppstein,907,593-9370,SHISHMAREF,99772,M,45000,0.0
Dang,Kruck,602,104-2527,TEMPE,85280,M,25000,3.1025
Wenjian,Aberg,484,165-6214,ERIE,16533,M,20000,3.07
Rongyao,Ghalwash,814,351-1251,COCHRANTON,16314,M,25000,3.07
Keyun,Peuto,701,363-4566,SAINT THOMAS,58276,S,90000,2.7990127
Tjahjadi,Bruni,240,241-1259,POTOMAC,20859,M,35000,4.75
Georgia,McKinney,520,116-2848,PHOENIX,85040,M,55000,3.5674999
Zdravko,Windeknecht,918,262-7007,BARTLESVILLE,74006,M,55000,6.25
Abhijit,Heckerman,620,461-3462,OXFORD,67119,M,40000,6.45
Gilberto,Rety,702,464-2985,DAYTON,89403,S,45000,0.0
Belen,Velardi,971,312-7840,GRAND RONDE,97347,M,5000,7.4102564
Plamena,Landy,856,601-9164,PARK RIDGE,7656,M,65000,2.1096876
Rogardt,Kruys,719,648-7412,HARTMAN,81043,M,80000,4.63
Kishor,Hasteer,432,928-7218,ABERNATHY,79311,S,15000,0.0
Jerrold,MacLeod,907,647-4347,ANCHORAGE,99514,M,90000,0.0
Sarangan,Nascimento,830,564-6745,HOUSTON,77244,M,100000,0.0
Pitro,Stary,787,302-5305,QUEBRADILLAS,678,S,55000,0.0
Kevin,Geske,307,758-4273,NATRONA,82646,S,15000,0.0
Andry,Fabrizio,337,907-7723,WATERPROOF,71375,S,15000,2.8
Mohsin,Claudson,702,983-8290,RENO,89506,M,10000,0.0
Zvezdan,Kadakuntla,630,142-8339,MERNA,61758,M,50000,3.0
Elfriede,Androutsos,412,876-8772,PITTSBURGH,15215,M,25000,3.07
Yinong,Beug,402,465-8804,LINCOLN,68520,M,75000,6.84
Siddhartha,Staab,219,701-5620,NEW MARKET,47965,S,30000,3.4
Ramjee,Pitteway,971,279-3579,AGNESS,97406,S,85000,9.0
Xuefei,Wadge,978,998-8160,SAGAMORE BEACH,2562,S,80000,5.3
Hongchi,Coyle,641,695-2261,CINCINNATI,52549,S,75000,8.98
Bienvenido,Ananiadou,802,928-1338,STARKSBORO,5487,S,75000,4.4972854
Topher,Faria,623,904-8255,SAN LUIS,85349,S,75000,3.8775
Khaled,Pargas,913,415-7677,CHASE,67524,M,60000,6.45
Sreerama,Tibblin,219,744-2057,INDIANAPOLIS,46241,M,90000,3.4
Kazuyoshi,McCallum,406,139-8128,PRYOR,59066,S,80000,6.9
Chacko,Forier,563,903-9805,DES MOINES,50396,S,70000,8.98
Sentot,Cantu,939,418-8329,SAN JUAN,908,M,65000,0.0
Caterina,Vanwelkenhuysen,717,695-4080,NEW CASTLE,16105,M,90000,3.07
Andi,Aimeur,562,880-4747,PORTOLA,96122,M,100000,9.3
Xingong,Masada,205,917-7556,SAINT ELMO,36568,M,5000,5.0
Dafna,Rackoff,601,214-6361,LAKESHORE,39558,M,80000,5.0
Yasmin,Qutaishat,251,871-9313,HOLY TRINITY,36859,S,35000,5.0
Zita,Schaap,907,921-7461,TYONEK,99682,M,95000,0.0
Vernon,Meyers,720,789-1459,FRANKTOWN,80116,M,55000,4.63
Honghua,Cosette,432,342-3241,MIDLAND,79710,M,15000,0.0
Leaf,Elustondo,406,246-1367,JORDAN,59337,M,70000,6.9
Jayavel,Woeginger,507,986-5301,LENGBY,56651,S,5000,5.35
Chiaki,Klusik,605,532-1045,GETTYSBURG,57442,S,25000,0.0
Chawki,Praus,505,292-2458,ALBUQUERQUE,87196,M,10000,3.2428572
Mahadev,Uzun,308,507-7520,PHILLIPS,68865,M,70000,6.84
Luming,Woerkom,406,774-7730,CLYDE PARK,59018,M,10000,4.916379
Krister,Winstone,337,313-4758,HESTER,70743,M,25000,6.0
Stasys,Wendel,941,265-3612,COPELAND,34137,M,25000,0.0
Charly,Poswig,609,742-8745,SPOTSWOOD,8884,M,90000,2.5039582
Shelley,Spork,202,864-7384,WASHINGTON,20394,S,25000,7875
Hariolf,Apostopopoulos,785,385-3990,HOYT,66440,S,95000,6.45
Gabriella,Vinck,931,863-4690,HORNSBY,38044,M,90000,0.0
Rachida,Krupp,907,717-9971,BARROW,99723,S,25000,0.0
Akiyoshi,Groz,605,467-8426,GOODWIN,57238,M,20000,0.0
Robi,Champarnaud,931,440-2733,TRIMBLE,38259,S,15000,0.0
Boo,Philippou,208,911-7110,DINGLE,83233,S,30000,7.8
Jos,Koszlajda,785,937-6660,GREEN,67447,S,90000,6.45
Corin,Perly,785,498-2999,TOPEKA,66652,S,90000,6.45
Rollins,Stellhorn,307,276-6178,CHEYENNE,82001,M,25000,0.0
Lipo,Drashansky,320,218-5980,MINNEAPOLIS,55420,M,95000,7.85
Shyamsundar,MacLeod,978,924-2763,LEEDS,1053,M,60000,5.3
Thirumalai,Mackenzie,224,903-9137,WOOD DALE,60191,M,55000,3.0
Kawon,Magnusson,719,138-2674,U S A F ACADEMY,80841,S,80000,4.63
Tsong,Hirzer,304,101-1640,DAILEY,26259,M,25000,4.05
Jiong,Bocic,602,297-7618,TUCSON,85710,S,90000,4.11
Osni,Sreerama,203,118-8539,EAST CANAAN,6024,M,45000,5.0
Lesley,Elphick,314,613-2672,CANALOU,63828,M,60000,6.0
Luigia,Gaubert,304,339-6927,RAYSAL,24879,S,95000,6.5
Guanghui,Hettich,304,270-3487,HARMAN,26270,S,60000,6.5
Taizo,Kouzes,229,780-5619,MARIETTA,30063,M,75000,6.0
Zhiliang,Flick,864,497-4995,ANDERSON,29623,S,100000,7.0
Ned,Staiger,865,723-3915,CHATTANOOGA,37419,M,15000,0.0
Sunondo,Beregi,808,501-5227,HONOLULU,96815,S,45000,8.25
Tomonobu,Junnemann,240,500-4517,HUGHESVILLE,20637,S,85000,4.75
Sonny,Ecklund,308,286-4130,WAUSA,68786,S,95000,6.84
Kazutoshi,Banach,386,993-7388,TAMPA,33629,S,40000,0.0
Calton,Takagi,301,298-5273,PORT TOBACCO,20677,M,45000,4.75
Olav,Millo,208,752-5187,MURRAY,83874,S,30000,7.8
Samir,Zueger,323,498-6306,LITTLE RIVER,95456,S,90000,9.3
Aruna,Parson,908,812-5691,WINSLOW,8095,M,90000,2.5039582
Soumen,Boissier,405,504-5120,THACKERVILLE,73459,M,45000,6.25
Raffi,McKibbon,816,343-1439,JEFFERSON CITY,65111,S,70000,6.0
Taoufik,Rice,812,710-2319,DYER,46311,S,70000,3.4
Xiaobin,Bean,805,431-4242,TEMECULA,92593,S,5000,1.0
Alyson,Dayhoff,248,851-6460,PENTWATER,49449,S,100000,3.9
Stijn,Groenboom,605,894-5223,SIOUX FALLS,57194,M,100000,0.0
Haiyong,Rafter,936,926-2174,EL PASO,79923,S,45000,0.0
Amokrane,Barbuti,603,967-1730,NORTH SUTTON,3260,M,90000,0.0
Healfdene,Sylvan,870,846-3705,TRASKWOOD,72167,M,15000,3.773037
Sadashiva,Minka,763,107-9688,TWIN LAKES,56089,S,30000,5.8564034
Aliasghar,Ezer,660,278-3184,KANSAS CITY,64166,M,85000,6.0
Margus,Hillyard,307,169-5157,GLENROCK,82637,M,80000,0.0
Guttorm,Pier,347,430-6036,FARMERSVILLE STATION,14060,S,55000,4.272256
Rosangela,Beretta,971,108-6810,BAY CITY,97107,M,20000,9.0
Kagan,Wechsung,703,993-7644,RICHARDSVILLE,22736,S,70000,5.75
Giopi,Zimmermann,541,927-4161,MARCOLA,97454,S,45000,9.0
Matthias,Uemori,515,926-5350,ROCKWELL CITY,50579,M,55000,8.65488
Asat,Lahire,505,253-1198,TRUCHAS,87578,M,35000,5.3
Feixiong,Moursund,931,835-9080,GRIMSLEY,38565,M,25000,0.0
Kumpati,Chelegatski,602,413-8824,PHOENIX,85074,S,50000,3.49
Frantisek,Altman,610,674-9858,DELTA,17314,S,20000,3.07
Shumeet,Peres,971,861-9430,GRANTS PASS,97528,S,20000,9.0
Kahlil,Abb,614,743-1561,WICKLIFFE,44092,S,45000,2.039795
Vaagan,Mihail,775,539-6740,MOUNTAIN CITY,89831,S,85000,0.0
Alanoly,Antin,623,155-7583,MESA,85205,S,65000,3.7224998
Krishnan,Joersz,615,446-3004,LONE MOUNTAIN,37773,S,80000,0.0
Hla,Gerla,704,690-7857,WAXHAW,28173,M,75000,7.305944
Tasuya,Zrehen,606,943-5369,CALVERT CITY,42029,M,30000,3.5
Leighton,Hillsberg,205,933-4781,LOCUST FORK,35097,M,20000,5.0
Dariu,Bergsten,360,736-2285,FORD,99013,M,40000,0.0
Udi,Ingolfsdottir,859,774-5076,HAWESVILLE,42348,M,80000,6.0
Guoqiang,Caneve,918,149-9044,OKLAHOMA CITY,73124,M,45000,6.25
Selim,Karcich,217,168-8490,IROQUOIS,60945,S,85000,3.0
Brook,Rauma,503,525-5614,PORTLAND,97219,M,55000,9.0
Florina,Good,860,356-2263,ROCKY HILL,6067,S,70000,5.0
Alec,Carrera,505,605-5901,ALBUQUERQUE,87184,M,65000,5.3
Baoquan,Cedeno,308,897-4777,MALCOLM,68402,M,35000,6.84
Xiangzhen,Neighbors,802,942-4620,SHAFTSBURY,5262,S,5000,3.6
Arco,Leeser,808,227-4637,KANEOHE,96744,S,75000,8.25
Wesley,Mutch,928,648-7905,AJO,85321,M,35000,3.2575
Herward,Ulich,307,751-9169,WORLAND,82401,M,75000,0.0
Yoshiharu,Sheridan,410,692-9760,LAUREL,20708,M,70000,4.75
Seichi,Kirtane,308,969-1676,GREELEY,68842,S,5000,3.0217428
Josette,Mehrmann,603,313-3154,HAMPSTEAD,3841,S,85000,0.0
Chenghui,Nykanen,276,636-3281,ETLAN,22719,S,25000,5.75
Akhilish,Callaway,580,856-5508,VINSON,73571,S,65000,6.25
Ajit,Priol,319,895-4869,JOLLEY,50551,S,20000,3.2516527
Thoshiaki,Weusten,325,318-1759,WARING,78074,M,65000,0.0
Talel,Lubiw,870,654-2913,HICKORY RIDGE,72347,M,5000,1.3826939
Weikang,Heckmann,304,958-9844,FAIRMONT,26555,M,70000,6.5
Jinwoo,Bloedorn,858,567-7681,WILMINGTON,90748,M,75000,9.3
Watts,Begg,320,133-1187,JENKINS,56456,M,55000,7.1904483
Gurmeet,Luit,571,830-5306,HAMILTON,20159,S,65000,5.75
Haruhiko,Don,802,484-1380,ROCHESTER,5767,S,20000,3.6
Anil,Dunne,308,352-3267,MC COOL JUNCTION,68401,M,75000,6.84
Syunsuke,Wurman,786,410-9031,SARASOTA,34232,S,40000,0.0
Oskari,Snelgrove,435,963-9039,SALT LAKE CITY,84145,S,60000,7.0
Heeseok,Sadowski,760,879-4707,CLOVERDALE,95425,M,45000,9.3
Yosihisa,Bittan,719,481-3596,HUDSON,80642,M,100000,4.63
Taisuke,Hiromitsu,786,980-6216,GULF HAMMOCK,32639,M,15000,0.0
Vaughn,Bitan,801,616-4452,SALT LAKE CITY,84165,S,65000,7.0
Hemant,Riza,302,791-8528,NEWARK,19716,M,90000,5.95
Inderpal,Aigrain,202,560-8159,WASHINGTON,20572,M,30000,9.0
Jang,Arizio,865,469-5245,NASHVILLE,37201,M,15000,0.0
Bay,Khouja,276,547-6127,ARLINGTON,22245,M,50000,5.75
Peggy,Noack,920,412-1037,COLBY,54421,S,90000,6.010166
Harriett,Manago,732,642-8713,WASHINGTON,7882,M,75000,2.267396
Tarak,Yagawa,605,617-6838,HURON,57399,S,35000,0.0
Sungho,Suzaki,712,198-8546,FARNHAMVILLE,50538,S,70000,8.98
Sofiene,Yeun,947,368-8555,PORTAGE,49002,S,75000,3.9
Guohua,Akselsen,504,108-2814,MONROE,71209,S,20000,4.4
Dewayne,Lamont,513,346-5673,HARLEM SPRINGS,44631,S,10000,0.8779744
Atam,Calabrese,410,881-6945,FAIRPLAY,21733,M,10000,4.75
Hui,Gragg,603,371-6366,LOUDON,3307,S,45000,0.0
Mohammad,Labarthe,724,461-7715,CROYDON,19021,M,65000,3.07
Donn,Schahn,406,271-7640,ANTELOPE,59211,M,75000,6.9
Rinat,McKinnon,740,481-5044,TOLEDO,43659,S,15000,1.0439488
Younggeun,Krichel,830,274-2469,ENCINAL,78019,S,100000,0.0
Alec,Cassaro,435,321-6992,NORTH SALT LAKE,84054,S,5000,7.0
Theodoros,Gladman,205,191-6701,MARION JUNCTION,36759,S,15000,5.0
Lihong,Hosaka,702,128-5650,GABBS,89409,S,5000,0.0
Tatyana,Gracco,307,941-2835,ELK MOUNTAIN,82324,S,80000,0.0
Panagiotis,Kayser,920,854-6815,ORFORDVILLE,53576,S,100000,6.183918
Wing,Gose,605,619-7171,GANN VALLEY,57341,S,25000,0.0
Jianwen,Walrath,860,848-6104,WEATOGUE,6089,S,30000,5.0
Toshimo,Swick,901,102-9119,ALAMO,38001,M,35000,0.0
Doowon,Guckenheimer,931,185-1221,SPENCER,38585,M,80000,0.0
Falko,Doushou,252,967-9742,CHARLOTTE,28209,S,80000,7.410839
Nava,Tassinari,808,171-7892,KAPOLEI,96709,S,25000,5.546053
Tanka,Soleimanipour,316,493-7370,OPOLIS,66760,M,40000,6.45
Jusung,Zimowski,304,505-5567,SIMPSON,26435,S,55000,6.1499996
Marisela,Gyseghem,505,325-3513,GRADY,88120,M,40000,5.3
Miguel,Kiesel,845,554-6781,SPEONK,11972,S,100000,4.5329266
Limsoon,Dorchak,651,554-3891,COMFREY,56019,M,90000,7.85
LuoQuan,Nakhaeizadeh,651,105-6465,MINNEAPOLIS,55424,M,20000,5.35
Jermy,Broomell,308,455-9249,BELLEVUE,68123,S,35000,6.84
Wenguang,Paillier,406,950-9178,MELSTONE,59054,M,55000,6.9
Annya,Llado,775,334-3231,DEETH,89823,S,70000,0.0
Aurobindo,England,207,386-9167,MONTICELLO,4760,S,15000,6.9580293
Yuanyuan,Zumaque,860,443-2202,WATERBURY,6708,M,65000,5.0
Shashi,Whitcroft,203,563-9286,WESTPORT,6881,M,90000,5.0
Kevin,Ayari,202,833-1081,WASHINGTON,20265,M,65000,9.0
Zhongxiu,Passino,770,167-6564,ATLANTA,30387,S,75000,6.0
Theodoulos,Bugrara,304,951-7863,FARMINGTON,26571,M,95000,6.5
Marcelino,Schupeta,808,385-5251,KALAHEO,96741,M,10000,2.8421054
Keijiro,Bolsens,913,787-7390,KINCAID,66039,S,10000,3.5
Vimal,Dinkloh,505,920-5698,PETACA,87554,M,60000,5.3
Atanas,Razek,918,705-3509,MOFFETT,74946,S,65000,6.25
Houssem,Spehner,769,615-1582,WOODVILLE,39669,S,80000,5.0
Antoinette,Magnier,580,879-4232,SAPULPA,74067,M,50000,6.25
True,Pietrzak,858,600-3536,LOS ANGELES,90019,S,40000,8.951314
Bett,Giunchiglia,248,854-9409,UTICA,48315,M,10000,3.9
Farshid,Hasteer,720,646-9168,COLORADO SPRINGS,80962,M,20000,4.63
Janette,Einwohner,207,604-7908,SOUTH CHINA,4358,M,85000,8.5
Ridha,Sinicrope,505,945-4381,ALAMOGORDO,88311,S,50000,5.3
Thant,Hilgefort,207,722-9508,PORTLAND,4104,M,50000,8.5
Zevi,Yahalom,307,911-1517,MOOSE,83012,S,80000,0.0
Gershon,Wolte,971,453-7424,EDDYVILLE,97343,M,80000,9.0
Naoufel,Vijaykrishnan,802,199-6852,SHELDON SPRINGS,5485,S,90000,4.7957172
Mengjou,Markatos,802,726-2699,BELVIDERE CENTER,5442,S,70000,4.397808
Simonetta,Waterhouse,757,586-2383,THE PLAINS,20198,M,20000,5.75
Rangasami,Sedobgo,228,602-3024,BELMONT,38827,M,100000,5.0
Homer,Ziarko,269,137-1053,MANCHESTER,48158,S,35000,3.9
Yifei,Skwarecki,307,548-3161,ALTA,83414,M,15000,0.0
Sushil,Michaelson,207,410-7079,STRATTON,4982,M,90000,8.5
Shigeichi,Nadji,308,402-8955,ALEXANDRIA,68303,S,75000,6.84
Roderick,Faulstich,406,330-1534,ASHLAND,59004,S,50000,6.9
Shuji,Rothstein,808,506-4916,MAKAWAO,96768,M,70000,8.25
Atef,Seymour,615,257-6639,LYNNVILLE,38472,M,45000,0.0
Herkimer,Creusere,808,283-7604,KAHULUI,96732,M,75000,8.25
Andee,Nagasaki,401,293-5253,PROVIDENCE,2901,M,75000,0.0
Ryszard,Belleghem,864,778-7063,WILLISTON,29853,M,100000,7.0
Chadia,Heystek,515,895-7717,CHESTER,52134,M,25000,4.0235424
Rang,Grunberger,732,811-5013,TETERBORO,7699,S,10000,1.4
Arndt,Cau,276,809-9993,FORT LEE,23801,S,50000,5.75
Romuald,Isakowitz,763,861-4073,MINNEAPOLIS,55447,M,10000,5.35
Zdislav,Strivastav,201,204-9040,NEW LISBON,8064,S,70000,2.1885417
Gultekin,Kluthe,808,297-1703,WAIPAHU,96797,S,95000,8.25
Joris,Yingchun,513,877-1349,BELPRE,45714,S,70000,2.8696666
Masatsugu,Reinman,732,168-1795,NEW BRUNSWICK,8906,S,45000,1.7942708
Grover,Orsini,804,904-4368,DISPUTANTA,23842,M,45000,5.75
Roma,Sandkuhl,785,567-3273,ELWOOD,66024,S,70000,6.45
Dorian,Strnad,702,999-5991,LAS VEGAS,89145,M,50000,0.0
Fong,Atarashi,205,869-1056,RAGLAND,35131,M,5000,5.0
Nadia,Hershko,605,486-8738,HAYES,57537,M,60000,0.0
Neri,Kreutz,641,880-7390,IRWIN,51446,M,30000,4.795432
Sozo,Dhagat,985,913-9387,SHREVEPORT,71101,M,55000,6.0
Gurudatta,Dunki,208,694-5380,FILER,83328,M,30000,7.8
Brigitta,Petterson,206,603-9557,LIND,99341,S,75000,0.0
Hirotsugo,Terlouw,808,147-7192,PEARL CITY,96782,S,5000,1.9407895
Jacco,Gaedke,202,793-4059,WASHINGTON,20509,M,40000,9.0
Yasufumi,Melzer,859,407-5960,TRAM,41663,S,30000,3.5
Sidd,Alt,907,258-6572,STEBBINS,99671,M,95000,0.0
Xiaokang,Duske,406,456-9356,COLUMBIA FALLS,59912,S,55000,6.9
Pei,Rios,860,356-3264,STAMFORD,6922,S,30000,5.0
Theis,Mihail,410,883-5546,BALTIMORE,21224,M,15000,4.75
Clenn,Jockley,406,862-2086,BILLINGS,59102,M,75000,6.9
Josiah,Berrada,860,184-5102,HAMDEN,6517,S,40000,5.0
Gesine,Vandenbroeck,308,223-9929,VERDIGRE,68783,M,85000,6.84
Belinda,Konakovsky,502,300-7769,FAIRDALE,40118,S,95000,6.0
Baosheng,Schreckenghost,785,516-2244,PERU,67360,M,80000,6.45
Yosee,Stemann,614,670-6784,CINCINNATI,45270,M,90000,3.533564
Qianhong,Rajamony,706,856-4394,ATLANTA,31150,M,75000,6.0
Prabhav,Collart,574,140-6381,GROVERTOWN,46531,S,80000,3.4
Reto,Gool,351,465-9346,BOXBOROUGH,1719,S,45000,5.3
Jamshid,Turkedjiev,302,676-1707,REHOBOTH BEACH,19971,M,75000,5.95
Jere,Ruttan,603,787-7416,GROVETON,3582,S,90000,0.0
Eilon,Leigh,276,696-2092,NELSONIA,23414,S,75000,5.75
Sasikumar,Karavelas,208,687-8645,HAGERMAN,83332,S,90000,7.8
Sigbjorn,Tautges,808,665-8984,KAPOLEI,96709,M,85000,8.25
Pasi,Bregier,224,355-2583,DANFORTH,60930,S,85000,3.0
Mosfeq,Njiwoua,214,667-1676,RICHMOND,77407,M,15000,0.0
Corin,Indiresan,307,185-3511,DIXON,82323,M,55000,0.0
Tucker,Basagni,808,504-4696,KAMUELA,96743,M,10000,2.8421054
Shipei,Fudos,515,927-2553,HARCOURT,50544,M,55000,8.65488
Oldrich,Grems,606,461-3253,WILLARD,41181,S,65000,5.4444447
Hironori,Wong,719,881-8087,TWO BUTTES,81084,M,80000,4.63
Haibin,Chandha,520,875-8269,PHOENIX,85097,M,15000,2.9475
Carter,Humborstad,808,682-6718,HONOLULU,96822,S,100000,8.25
Vitor,Cheriyan,910,541-6473,LEXINGTON,27292,S,95000,7.7255244
Bobby,Holldobler,601,501-4024,LIBERTY,39645,M,10000,5.0
Jaya,Beukering,907,849-5057,ARCTIC VILLAGE,99722,S,50000,0.0
Joonhee,Handke,251,426-3096,RED LEVEL,36474,M,35000,5.0
Hironori,Bougaut,304,220-2389,JESSE,24849,M,70000,6.5
Gurudatta,Vanneste,302,359-3988,WILMINGTON,19802,M,45000,4.927273
Hyuncheol,Worthington,712,134-3238,JOHNSTON,50131,M,100000,8.98
Maryalice,Shermer,781,477-4287,MATTAPOISETT,2739,S,25000,5.3
Raymoond,Westby,907,493-9241,ANCHORAGE,99502,M,55000,0.0
Cheryl,Summann,803,955-5235,SELLERS,29592,S,80000,7.0
Selee,Kawashima,401,955-1054,GREENE,2827,S,45000,0.0
Maneesh,Garigliano,636,797-3196,BRECKENRIDGE,64625,S,10000,6.0
Subhasish,Sauder,843,641-5740,EDGEFIELD,29824,S,40000,7.0
Tarun,Mohrherr,260,640-4342,INDIANAPOLIS,46283,M,85000,3.4
Lisbeth,Tuthill,509,901-1148,HUMPTULIPS,98552,M,50000,0.0
Paliath,Rotics,802,400-2115,BRIDGEWATER,5034,S,5000,3.6
Xiaobin,Takanami,203,190-7733,GREENWICH,6832,M,85000,5.0
Lefteris,Mancey,980,735-7424,MARIETTA,28362,S,25000,6.256993
Rohan,Cline,203,735-2874,WEST MYSTIC,6388,M,10000,NaN
Trudi,Kwiatkowska,202,156-2032,WASHINGTON,20426,M,65000,9.0
Eser,Murthy,202,800-6873,WASHINGTON,20038,S,100000,9.0
Duri,Schonegge,406,885-5591,BILLINGS,59105,M,75000,6.9
Oukseh,Sever,308,423-8388,ATLANTA,68923,M,50000,6.84
Bryant,Knapik,319,878-3704,CORNING,50841,M,20000,3.2516527
Miche,Bhasker,517,586-1143,MAPLE CITY,49664,S,25000,3.9
Yoga,Panadiwal,843,327-2621,MANNING,29102,M,85000,7.0
Bhaskaran,Raufmann,208,143-7756,DIETRICH,83324,S,85000,7.8
Zhexue,Matzel,339,977-8181,NANTUCKET,2554,S,5000,5.3
Rajko,Deyuan,787,859-5466,PONCE,732,S,15000,0.0
Zohar,Dhagat,307,759-4808,GREEN RIVER,82935,S,30000,0.0
Ali,Gavril,304,730-4892,SUTTON,26601,S,80000,6.5
Anupan,Paleologo,217,823-9400,SPRINGFIELD,62703,S,70000,3.0
Abdullah,Cornu,605,377-5459,BADGER,57214,M,75000,0.0
Gezinus,Desnoyer,813,403-9578,GAINESVILLE,32641,S,45000,0.0
Chuchang,Hiroyama,702,109-2781,RENO,89501,S,90000,0.0
Gaku,Niland,614,244-5738,MC CUTCHENVILLE,44844,M,75000,3.0356412
Uday,Mutzel,878,736-9938,NEFFS,18065,M,5000,3.07
Bishop,Michaelski,256,411-5753,NORTHPORT,35475,M,25000,5.0
Marta,Kosanke,636,254-2841,SUMMERSVILLE,65571,S,60000,6.0
Adam,Maehly,501,510-2434,MOUNT PLEASANT,72561,M,65000,7.0
Mei,Mobasher,787,912-7842,GUANICA,653,M,80000,0.0
Shizuo,Callegarin,620,300-1514,TOPEKA,66653,M,75000,6.45
Jogg,Larue,315,412-6674,ELMONT,11003,M,75000,4.3881097
Loys,Businaro,318,569-2036,SALINE,71070,S,35000,6.0
Seyed,Kubiatowicz,208,178-1614,ISLAND PARK,83429,M,55000,7.8
Arunabha,Ackermann,605,667-9727,WHITEWOOD,57793,M,55000,0.0
Danijela,Aparicio,334,427-3426,REPTON,36475,S,20000,5.0
Karthick,Haberman,939,759-3048,PATILLAS,723,M,60000,0.0
Tryggve,Sacone,843,558-8192,DUNCAN,29391,M,70000,7.0
Jayasree,Vayngrib,787,647-7058,TOA BAJA,950,M,100000,0.0
Anil,Suermann,808,633-8285,OOKALA,96774,S,70000,8.25
Arnon,Kunieda,701,495-2459,ROGERS,58479,S,15000,2.1
Ferdi,Stuempfle,918,568-1256,LAWTON,73505,M,45000,6.25
Shalom,Kabuka,971,525-4642,SPRAY,97874,M,55000,9.0
PeiZong,Walrand,939,877-4496,QUEBRADILLAS,678,S,35000,0.0
Bruch,Gutbrod,307,180-6392,YODER,82244,S,40000,0.0
Elvira,Kotulla,302,241-4462,WILMINGTON,19897,S,40000,4.586364
Regine,Frattolillo,203,540-2362,BRIDGEPORT,6606,M,65000,5.0
Matrina,Rorvig,702,856-6062,NORTH LAS VEGAS,89081,M,95000,0.0
Bianka,Prado,580,643-4270,TERLTON,74081,S,25000,6.25
Palash,Eskridge,484,816-1958,HERMITAGE,16148,S,75000,3.07
Krzyszfof,Zervos,401,922-6543,WARWICK,2889,S,75000,0.0
Fintan,Okumoto,860,651-9849,HARTFORD,6101,M,85000,5.0
Anontonio,Grana,207,950-9775,BREWER,4412,M,90000,8.5
Christine,Haddley,907,201-5361,CLAM GULCH,99568,M,45000,0.0
Akito,Hebisch,308,485-5366,OMAHA,68172,S,15000,4.7976766
Erol,Hansdah,856,705-7453,POTTERSVILLE,7979,M,100000,2.6616669
Yosee,Pottossine,702,764-9874,FALLON,89407,M,90000,0.0
Toramatsu,Jelonek,918,788-9757,OKLAHOMA CITY,73146,M,50000,6.25
Omar,Kang,732,367-6219,LINDEN,7036,M,70000,2.1885417
Heiko,Glas,425,820-5890,NASELLE,98638,S,90000,0.0
Laurentiu,Noltemeier,417,553-2299,HOLT,64048,M,60000,6.0
Radharamanan,Magidor,520,137-2011,WHITERIVER,85941,M,65000,3.7224998
Gretta,Stanfill,985,885-9249,HAYNESVILLE,71038,S,75000,6.0
Gianni,Walstra,785,249-3902,NORCATUR,67653,S,30000,6.45
Zuliang,Hoogewijs,253,378-1455,SNOHOMISH,98296,M,55000,0.0
Ljubomir,Nunn,970,816-6843,BEULAH,81023,M,25000,4.63
Nikfar,Tekampe,240,489-6321,FORT GEORGE G MEADE,20755,S,30000,4.75
Raffaele,Gronski,937,766-3827,PORTSMOUTH,45662,M,5000,712
Mrinal,Bartschi,267,970-5292,YOUNGSVILLE,16371,M,65000,3.07
Gradimir,Lanin,210,293-9036,HOUSTON,77013,M,80000,0.0
Anuj,Sgarro,606,339-8317,EDMONTON,42129,S,5000,2.1111112
Basant,Alborghetti,803,395-4579,LYNCHBURG,29080,S,50000,7.0
Myunghwan,Getto,316,643-4148,LATHAM,67072,M,25000,5.4666667
Wenjie,Mackaness,769,222-3751,NEW ALBANY,38652,S,25000,5.0
Mori,Musil,848,418-9716,SOMERVILLE,8876,S,25000,1.4788542
Venkatesan,Bernini,502,525-8561,CALVERT CITY,42029,M,80000,6.0
Birte,Ndiaye,207,155-9479,BUCKSPORT,4416,S,55000,8.5
Kwan,Spirk,713,404-5333,NORTON,76865,M,50000,0.0
Manoru,Broodsky,787,356-9900,GURABO,778,S,25000,0.0
Santi,Delannoy,603,204-3504,NORTH HAVERHILL,3774,S,80000,0.0
Yasuharu,Hardavellas,209,464-9810,VALLEJO,94589,S,45000,9.3
Yasmine,Dunan,828,703-8444,GROVER,28073,S,25000,6.256993
Xuerong,Shedroff,479,544-1407,GREENBRIER,72058,M,75000,7.0
Qun,Cappelli,402,149-1802,HEARTWELL,68945,S,30000,6.84
Darko,Schulman,970,366-5316,HARTMAN,81043,M,5000,4.63
Lior,Swiler,479,835-5538,DEER,72628,M,30000,7.0
Aida,Rivett,304,465-6914,MALLORY,25634,M,40000,5.1000004
Magne,Plainfosse,971,711-7215,CHILOQUIN,97624,M,10000,9.0
Kazutomo,Grady,716,489-4674,ALEXANDRIA BAY,13607,S,50000,4.243293
Goce,Faron,479,980-6656,CURTIS,71728,S,35000,7.0
Furio,Buchter,520,167-3848,SCOTTSDALE,85262,S,70000,3.8
Yah,Meusel,406,803-3983,BROWNING,59417,S,85000,6.9
Wilf,Drobnic,864,800-5609,SYCAMORE,29846,S,35000,7.0
Karlis,Bacciotti,209,576-1735,CUPERTINO,95014,M,65000,9.3
Vilmar,Suchan,931,898-4709,MEMPHIS,38157,S,20000,0.0
Cleve,Choukair,615,487-8722,KNOXVILLE,37929,S,15000,0.0
Satya,Stepanek,918,201-9030,OKLAHOMA CITY,73102,M,40000,6.25
Takehiko,Noerr,316,354-8388,SALINA,67402,S,5000,3.5
Atro,Blau,434,885-9914,THORNBURG,22565,S,5000,2.5357144
Srikant,Urso,707,781-8289,SANTA CLARITA,91350,M,45000,9.3
Bert,Rajamony,302,438-5598,WILMINGTON,19897,S,35000,4.245455
Arnaud,Noonan,787,511-4382,CAGUAS,725,M,80000,0.0
Denzil,Birta,860,860-6443,BRIDGEPORT,6601,S,90000,5.0
Sauro,Yeom,989,990-4691,BRIMLEY,49715,S,95000,3.9
Wenwey,Sufrin,203,566-4856,VERSAILLES,6383,S,80000,5.0
Fraser,Dalheimer,509,399-7774,TACOMA,98424,S,15000,0.0
Malur,Barthelemy,812,160-2313,FOREST,46039,S,75000,3.4
Hidetoshi,Abbadi,337,241-5642,BATON ROUGE,70805,S,25000,6.0
Refik,Vedrine,269,777-1362,SIX LAKES,48886,M,25000,3.9
Anselm,Buchinger,417,497-7846,BUCKNER,64016,M,70000,6.0
Guy,Bregier,435,325-6133,AXTELL,84621,M,80000,7.0
Alfried,Kitayama,202,392-6735,WASHINGTON,20262,S,100000,9.0
Norton,Drexl,480,810-1644,HAYDEN,85235,M,55000,3.5674999
Felic,Caneve,702,796-2089,LAS VEGAS,89199,S,75000,0.0
Darwyn,Bruekers,802,551-5851,GAYSVILLE,5746,S,25000,3.6
Monty,Glockner,225,849-1587,BATON ROUGE,70874,M,90000,6.0
Berardo,Leslie,402,286-4418,CERESCO,68017,M,45000,6.84
Pabitra,Bodlaender,308,467-5925,SAINT EDWARD,68660,M,15000,4.7976766
Rae,Zlatin,978,757-4553,ATTLEBORO FALLS,2763,M,20000,5.3
Imari,Ponamgi,406,720-9151,SAINT XAVIER,59075,S,40000,6.9
Baik,Rine,402,372-9409,HERSHEY,69143,M,90000,6.84
Qingxiang,Jupin,206,707-3442,ROLLINGBAY,98061,S,90000,0.0
Neli,Chitson,609,796-1565,JERSEY CITY,7308,M,25000,1.4788542
Iztok,Holmberg,605,395-5718,YALE,57386,M,10000,0.0
Kalev,Bonsangue,207,671-1415,LEEDS,4263,M,5000,2.2135036
Bard,Bultitude,208,970-1231,LEADORE,83464,M,85000,7.8
Jeongyoujng,Shimura,928,257-5204,TUCSON,85730,M,55000,3.5674999
Dnnald,Mukaidono,620,724-6655,ASSARIA,67416,M,95000,6.45
Sigurdur,Welker,603,326-6840,DURHAM,3824,S,75000,0.0
Aviv,Shilling,870,971-2576,MENIFEE,72107,M,100000,7.0
Shiqun,Minoura,435,773-6237,CLEARFIELD,84015,M,70000,7.0
Lionello,Huleihel,605,677-4394,NEW EFFINGTON,57255,M,95000,0.0
Bedir,Zaguia,660,917-5916,PARNELL,64475,M,5000,3.75
Mitsuo,Jarvinen,909,595-4507,SAN FRANCISCO,94175,S,85000,9.3
Seraffin,Jarvinen,662,205-4056,HOLCOMB,38940,S,30000,5.0
Chuen,Aleksandrov,256,681-1536,ANDALUSIA,36421,M,35000,5.0
Tadahiro,Ramnath,808,328-2774,KEALAKEKUA,96750,M,55000,8.25
Soojung,Peir,612,527-4581,FARMINGTON,55024,M,60000,7.4572573
Falko,Poujoulat,801,313-3167,CEDAR CITY,84721,S,60000,7.0
Setsuo,Miksik,865,904-7128,MOSCOW,38057,M,45000,0.0
Brett,Apt,308,367-7377,OMAHA,68152,S,35000,6.84
Femke,Bartschi,425,894-5654,SEATTLE,98148,M,20000,0.0
Anil,Rauma,720,874-5113,EMPIRE,80438,S,45000,4.63
Ingmar,Pevac,406,141-1180,HINGHAM,59528,M,100000,6.9
Arbee,Kwankam,816,286-9864,LUCERNE,64655,S,70000,6.0
Takenao,Vosburgh,605,771-2765,LANTRY,57636,S,65000,0.0
Hantak,Bruandet,808,601-7696,KAPOLEI,96707,M,55000,8.25
Anil,Bretshneider,505,157-6925,GLENWOOD,88039,S,100000,5.3
Maarten,Knecht,605,886-7963,ROSHOLT,57260,S,75000,0.0
Ishai,Nieuwejaar,406,508-1821,POLEBRIDGE,59928,S,85000,6.9
Shailey,Moumoutzis,502,468-6145,CUNNINGHAM,42035,S,35000,3.7777777
Yasuaki,McCluskey,351,257-3148,HARWICH PORT,2646,S,95000,5.3
Chumki,Validov,814,675-5315,WATERFORD,16441,S,85000,3.07
Vinnakota,Tuomenoksa,719,588-3370,ENGLEWOOD,80155,M,60000,4.63
Haigeng,Gyimothy,425,538-4679,TACOMA,98481,M,85000,0.0
Guansong,Dharanipragada,508,555-6864,WATERTOWN,2472,M,90000,5.3
Narayanan,Lucks,205,484-2785,ALBERTA,36720,M,40000,5.0
Narayan,Eizirik,971,243-3168,WALTON,97490,S,25000,9.0
Munehiro,Winn,304,202-4314,MINDEN,25879,S,60000,6.5
Mechthild,Walinsky,808,550-4281,LIHUE,96766,S,65000,8.25
Jianli,Weinbaum,401,885-3128,PAWTUCKET,2861,M,100000,0.0
Arivind,Lecon,401,464-1980,PROVIDENCE,2940,S,75000,0.0
Amitabh,Leiwo,808,438-5141,HONOLULU,96818,M,40000,8.25
Thong,Hatonen,228,585-5556,CARROLLTON,38917,M,50000,5.0
Pavani,Dutta,401,818-5416,GREENE,2827,S,95000,0.0
Eileen,Bonacina,507,713-5676,LUVERNE,56156,S,90000,7.85
Beatrix,Olsztyn,802,935-7071,RICHFORD,5476,S,40000,3.800944
Ignace,Rotolo,208,515-8653,MERIDIAN,83680,S,55000,7.8
Xinxin,Grushcow,240,905-6968,OLNEY,20832,S,25000,4.75
Leland,Uemura,252,926-6944,HAYESVILLE,28904,S,45000,6.6765733
Haoxun,Rege,617,514-8220,READVILLE,2137,S,75000,5.3
Gwynneth,Sheridan,701,113-5831,KINTYRE,58549,M,90000,2.7990127
Fionn,Olivero,337,788-2658,BOSSIER CITY,71111,M,100000,6.0
Lory,Schell,802,601-9531,SHARON,5065,S,50000,3.9998987
Dekang,Lease,734,325-1381,WARREN,48089,M,40000,3.9
Benedita,Herley,605,940-1694,GAYVILLE,57031,S,50000,0.0
Deryle,Tsatalos,702,214-4165,SUN VALLEY,89433,M,60000,0.0
Rajanarayanan,Kempkens,251,910-7248,PHENIX CITY,36868,S,10000,5.0
Zheru,Gill,406,721-4211,ZORTMAN,59546,S,45000,6.9
Yibing,Assche,808,407-4017,KULA,96790,M,75000,8.25
Paul,Isaksen,509,550-6531,SEATTLE,98126,M,100000,0.0
Gurbir,Torrigiani,817,741-5462,BRUNI,78344,S,15000,0.0
Yoshitomo,Postma,712,378-6724,ELDORA,50627,S,20000,3.2516527
Antione,Stieger,970,207-9233,AURORA,80018,S,95000,4.63
Dani,Kliger,404,590-3381,AUGUSTA,30916,M,70000,6.0
Deidra,Ghattas,731,816-2595,ORLINDA,37141,S,85000,0.0
Ronny,Villanueva,302,609-3198,WILMINGTON,19806,M,85000,5.95
Angel,Wattum,802,484-7991,NORTH HERO,5474,M,100000,4.994672
Klara,Jesus,409,345-2244,FRESNO,77545,S,25000,0.0
Kerhong,Queinnec,304,976-8340,GREENVILLE,24945,M,60000,6.5
Shalosh,Elphick,440,825-2917,DELTA,43515,S,70000,2.8696666
Farida,Carapuca,904,521-1784,MIAMI BEACH,33140,S,30000,0.0
Vanu,Eugenio,765,961-7512,INDIANAPOLIS,46268,S,50000,3.4
Sandrine,Poujoulat,240,767-6241,GLEN BURNIE,21062,S,30000,4.75
Waiman,Grandbois,402,771-6428,FAIRFIELD,68938,M,35000,6.84
Ulrich,Kumaran,907,950-6267,HOPE,99605,M,70000,0.0
Xianfeng,Mezei,773,313-4433,SCIOTA,61475,M,65000,3.0
Rajit,Struckmann,612,761-8594,MONTGOMERY,56069,S,90000,7.85
Rosalie,Murta,901,779-9829,MANSFIELD,38236,S,30000,0.0
Sadegh,Sonnenberger,617,848-9515,NEW TOWN,2456,M,35000,5.3
Giora,Vetland,860,557-4702,STAMFORD,6903,S,70000,5.0
Manica,Gohara,803,644-2674,CHERAW,29520,S,25000,7.0
Haomin,Strijk,503,614-8033,FIELDS,97710,S,20000,9.0
Joceli,Cowan,787,971-5451,SAN JUAN,923,M,5000,0.0
DooHyun,Heemskerk,801,803-8889,SALT LAKE CITY,84134,M,5000,7.0
Hongsing,Nitzan,504,109-5214,LEESVILLE,71446,M,90000,6.0
Nissim,Rine,503,602-4869,NORTH POWDER,97867,M,5000,7.4102564
Takamoto,Lohberger,931,644-2551,SAMBURG,38254,M,50000,0.0
Neal,Inamori,517,800-9974,EAST JORDAN,49727,M,50000,3.9
Allessandro,Maassen,808,199-9505,HONOLULU,96819,S,35000,7.3486843
Miquel,Reim,702,459-5134,LAS VEGAS,89102,M,45000,0.0
Xianlong,Gavoille,260,388-7452,BRINGHURST,46913,M,35000,3.4
Dagmar,Sohoni,435,191-9049,EDEN,84310,M,45000,7.0
Hagbal,Moliner,310,453-6966,ROUND MOUNTAIN,96084,M,5000,1.0
Baktha,Waksman,276,769-5899,GLADSTONE,24553,S,65000,5.75
Nicolae,Zaroliagis,860,203-2879,WINDSOR,6006,S,25000,5.0
Heiki,Choon,907,874-8669,AUKE BAY,99821,M,25000,0.0
Luca,Bel,707,734-5469,FRESNO,93729,S,40000,8.951314
Gianna,Khouja,860,895-5678,GAYLORDSVILLE,6755,S,75000,5.0
Syunsuke,Fegeas,952,868-4369,PINE CITY,55063,M,80000,7.85
Povl,Yamashita,603,828-8819,RYE,3870,S,85000,0.0
Djamila,Canon,787,767-2269,ANGELES,611,S,75000,0.0
Chengwen,Carreras,931,506-6377,FINGER,38334,S,35000,0.0
Filiberto,Coyle,603,136-4667,INTERVALE,3845,M,35000,0.0
Lionel,Whitcomb,860,565-1098,RIVERSIDE,6878,S,70000,5.0
Umest,Bian,208,859-5844,EDEN,83325,S,90000,7.8
Linlin,Liptay,518,850-4797,BRONX,10455,S,20000,4.0695124
Vuk,Bittianda,719,553-2243,BLACK HAWK,80422,M,20000,4.63
Thea,Syre,423,658-4117,SPARTA,38583,S,60000,0.0
Rafal,Olshen,815,363-9243,HILLSBORO,62049,M,60000,3.0
Zanoni,Togni,773,601-4452,ROCHESTER,62563,S,65000,3.0
Raimundo,Orlowski,985,574-1204,LOCKPORT,70374,S,40000,6.0
Meliu,Schend,413,604-5035,CHICOPEE,1013,M,60000,5.3
Padmanabhan,Alves,410,131-8069,GERMANTOWN,20876,M,40000,4.75
Gerth,Anton,509,165-9398,SPOKANE,99224,M,85000,0.0
Santonu,Beer,605,557-1802,WAKONDA,57073,S,25000,0.0
Kimon,Besl,808,199-9243,KURTISTOWN,96760,M,25000,5.546053
Nandlal,Derks,802,668-2845,PEACHAM,5862,M,20000,3.6
Chrysantos,Edler,207,129-3441,PORTAGE,4768,M,15000,6.9580293
Jolanta,Conry,270,358-7216,RHODELIA,40161,S,50000,4.611111
Liang,Herlihy,308,991-3072,LA VISTA,68128,M,70000,6.84
Kitty,Manmatha,757,925-9562,ROANOKE,24001,M,80000,5.75
Andras,Sikic,615,460-6553,SLAYDEN,37165,M,30000,0.0
Vance,Czaja,720,891-5523,DENVER,80233,M,100000,4.63
Kwangjo,Wilm,570,939-3047,WEST PITTSBURG,16160,S,85000,3.07
Arno,Milicic,219,903-7154,SOUTH BEND,46624,S,80000,3.4
Kui,Lamparter,859,299-9400,NEW CASTLE,40050,M,45000,4.333333
Przemyslaw,Kamsties,203,145-9348,MARION,6444,S,100000,5.0
Abdel,Raza,848,185-6832,ROCKAWAY,7866,M,100000,2.6616669
Yongdong,Arthur,302,715-3159,WILMINGTON,19890,S,25000,3.5636363
Knut,Plattner,731,509-2582,HICKMAN,38567,M,45000,0.0
Kerima,Codenie,802,862-4740,WEST RUPERT,5776,S,5000,3.6
Ware,Forier,404,991-7096,FORT BENNING,31905,S,5000,4.4
Zhiliang,Pusterhofer,978,200-8353,PINEHURST,1866,S,100000,5.3
Geunbae,Urbano,801,691-3228,COALVILLE,84017,S,30000,7.0
Morteza,Isaac,864,201-2971,PLUM BRANCH,29845,S,55000,7.0
Junguk,Neiman,502,578-1696,BLUE RIVER,41607,M,90000,6.0
Tsun,Tzolovski,605,610-3943,SIOUX FALLS,57106,M,40000,0.0
Hyunok,Meuter,401,131-8783,PAWTUCKET,2862,S,40000,0.0
Sumitaka,Scholtes,207,873-4671,ROCKWOOD,4478,S,80000,8.5
Harriett,Jushchenko,814,331-6268,LANSFORD,18232,M,30000,3.07
Weining,Sreenan,571,313-4003,HUME,22639,M,65000,5.75
M'hamed,Crabtree,808,290-7967,KAUMAKANI,96747,M,65000,8.25
Wiiliam,Yaoi,206,358-2513,PORT HADLOCK,98339,M,50000,0.0
Filipe,Faulstich,307,778-5860,MORAN,83013,M,70000,0.0
Heesung,Kameny,316,429-1131,CHEROKEE,66724,S,45000,6.45
Poorav,Musen,603,254-6673,FREEDOM,3836,M,50000,0.0
Stafford,Bustami,308,860-3616,ASHLAND,68003,S,35000,6.84
Jianan,Verykios,504,206-8263,GRANT,70644,S,80000,6.0
Tien,Blot,770,615-1712,MCDONOUGH,30252,S,80000,6.0
Newton,Episkopou,302,224-8702,REHOBOTH BEACH,19971,S,65000,5.95
Toshimo,Clowes,515,966-1054,LIBERTYVILLE,52567,S,5000,0.935984
Sterling,Scholtes,308,429-3671,SPARKS,69220,S,20000,5.685643
Katsushi,Deak,425,809-1196,STEPTOE,99174,S,55000,0.0
Surendra,Ahrenberg,410,960-2252,PATUXENT RIVER,20670,M,75000,4.75
Kojiro,Dunlop,785,448-8714,GLADE,67639,M,95000,6.45
Zavid,Kameny,623,655-8282,GLENDALE,85312,M,65000,3.7224998
Mirion,Boigelot,213,698-5146,WHEATLAND,95692,M,100000,9.3
Wanghong,Petereit,918,430-2209,ELK CITY,73644,S,95000,6.25
Weiru,Hasselbring,318,888-2542,BATON ROUGE,70893,S,5000,2.0
Ghulam,Veillon,219,817-7063,EVANSVILLE,47712,M,90000,3.4
Tarang,Getfert,406,329-1705,BOZEMAN,59772,M,10000,4.916379
Yuriko,Kreveld,802,891-7524,KILLINGTON,5751,M,10000,3.6
Micah,Rollins,907,388-3820,ANCHORAGE,99516,S,5000,0.0
Qinsi,Boersen,913,214-7389,MUNDEN,66959,S,30000,6.45
Yoneo,McMorrow,219,860-9385,GREENWOOD,46142,S,50000,3.4
Gyula,Perz,479,699-1647,FOX,72051,S,20000,4.9682083
Gong,Hadjidimos,860,185-8918,MANCHESTER,6045,S,45000,5.0
Yuejian,Federico,205,717-6659,TUSKEGEE INSTITUTE,36088,S,55000,5.0
Giorgio,Partove,803,397-6786,GRAY COURT,29645,M,60000,7.0
Hakjong,Banning,716,230-8533,TILLSON,12486,M,35000,4.1564026
Vasudev,Machine,505,445-9284,TRAMPAS,87576,S,40000,5.3
Hanspeter,Therrien,787,598-2786,SAN JUAN,933,S,40000,0.0
Mitsuru,Acklen,401,317-6972,WAKEFIELD,2880,M,65000,0.0
Sadun,Weismantel,202,688-8067,WASHINGTON,20433,S,40000,9.0
Alongkrit,Livari,520,715-5565,MESA,85203,M,45000,3.4125
Yasser,Skaar,307,985-2946,ARVADA,82831,S,20000,0.0
Jordan,Chrzastowski,775,369-9848,LAS VEGAS,89112,S,100000,0.0
Amnon,Tawfik,206,348-8695,MOCLIPS,98562,M,65000,0.0
Yinlin,Lester,310,857-3699,ROSEMEAD,91772,S,65000,9.3
Pavol,Riguzzi,641,972-3316,ROLFE,50581,M,80000,8.98
Hartmann,Lvov,901,343-8490,CHARLESTON,37310,M,35000,0.0
Krishnamurthi,Braunschweig,260,588-7746,LUCERNE,46950,M,20000,3.4
Atsuo,Peitgen,402,234-3085,HARVARD,68944,M,25000,6.5736103
Shashi,Taimanov,224,783-2650,MEREDOSIA,62665,M,70000,3.0
Andrzej,Schwiegelshohn,304,802-4481,ADVENT,25231,M,40000,5.1000004
Mitesh,Pettis,251,462-3030,ORANGE BEACH,36561,M,45000,5.0
Ewgeni,Palacharla,430,118-5427,DALLAS,75380,M,100000,0.0
Weimin,Bhanu,208,692-7961,SALMON,83467,M,65000,7.8
Ajai,Reboh,518,533-3436,TUPPER LAKE,12986,S,30000,4.127439
Bojana,Roodyn,787,838-3290,PONCE,733,M,100000,0.0
Anand,Giovini,505,451-5152,LA MADERA,87539,M,20000,5.3
Fumitaka,Mitomo,701,684-2621,WEST FARGO,58078,M,40000,2.2194002
Weihai,Galtieli,505,150-3616,ALBUQUERQUE,87194,S,65000,5.3
Nilanjan,Pittarelli,641,524-3617,WATERVILLE,52170,S,40000,6.339211
Sedat,Breeding,302,682-7881,WILMINGTON,19808,S,35000,4.245455
Nidapan,Etzl,720,374-5033,KIRK,80824,S,35000,4.63
Torgrim,Takizawa,770,533-9823,HOSCHTON,30548,S,85000,6.0
Alun,Thimbleby,971,435-8646,MANNING,97125,S,5000,7.4102564
Brig,Lackinger,802,627-7125,WINDSOR,5089,S,65000,4.298331
Mar,Andraka,330,622-8780,LIBERTY CENTER,43532,M,100000,3.8655128
Kam,Sloope,206,681-4427,TACOMA,98406,M,60000,0.0
Tzu,Mikus,931,518-3621,MAURY CITY,38050,S,50000,0.0
Ashid,Lutrell,939,101-1735,CAROLINA,984,S,50000,0.0
Eelco,Lenkov,479,826-3716,CLINTON,72031,M,80000,7.0
Klemens,Tramer,207,653-9169,MATTAWAMKEAG,4459,M,65000,8.5
Hardeep,Kurinckx,603,807-2270,ORFORD,3777,M,95000,0.0
Zerksis,Bensard,337,206-8539,SAINT FRANCISVILLE,70775,S,5000,2.0
Constantine,Deerwester,863,853-7021,BROOKSVILLE,34613,M,60000,0.0
Egon,Nurmeev,754,448-2382,PUNTA GORDA,33950,S,90000,0.0
Holger,Ehrhard,203,120-8093,NORWALK,6860,S,70000,5.0
Ronit,Oppenheim,203,341-5764,WESTPORT,6889,M,40000,5.0
Benedita,Carrive,939,734-7340,HUMACAO,791,S,70000,0.0
Agatha,Tibrook,203,935-5326,BROAD BROOK,6016,S,85000,5.0
Iko,Gerberich,207,516-7897,SWANS ISLAND,4685,M,60000,8.5
Constantinos,Pericliev,202,892-1983,WASHINGTON,20006,S,70000,9.0
Tatsuro,Loupy,307,574-9794,POINT OF ROCKS,82942,S,95000,0.0
Feng,Simhi,985,335-2173,SHREVEPORT,71130,M,45000,6.0
Mateo,Wagle,505,947-1225,ALAMOGORDO,88311,S,15000,4.957143
Victoria,Dalton,847,602-4899,MINIER,61759,S,70000,3.0
Clenn,Shekhar,334,531-6133,BIRMINGHAM,35219,S,40000,5.0
Reese,Abell,412,868-1296,KANTNER,15548,M,5000,3.07
Maryann,Popp,913,554-7516,PARSONS,67357,S,5000,3.5
Meinolf,Giegerich,504,116-8777,KROTZ SPRINGS,70750,S,75000,6.0
Nazife,Moustafa,307,936-9403,HUNTLEY,82218,M,25000,0.0
Berlinda,Dziadosz,302,787-5873,HARBESON,19951,S,40000,4.586364
Tich,Towheed,903,988-3339,COTTON CENTER,79021,S,5000,0.0
Bitan,Altiok,606,362-4752,HUDDY,41535,M,15000,2.6666667
ChengFu,Guizani,407,356-3925,OCHOPEE,34141,M,85000,0.0
Utz,Arthur,518,783-4456,SYRACUSE,13225,M,10000,4.011585
Freimut,Gurzi,402,814-3506,HILDRETH,68947,M,30000,6.84
Sasa,Autexier,252,151-4420,ALEXIS,28006,M,90000,7.6206293
Sergi,Arthan,802,128-2595,BRISTOL,5443,M,5000,3.6
Bay,Philippatos,406,230-5286,BRADY,59416,S,95000,6.9
Naftaly,Buitenhuis,202,773-6042,WASHINGTON,20390,M,40000,9.0
Zhixue,Luesebrink,302,386-3048,WILMINGTON,19898,M,75000,5.95
Jozo,Leunen,270,662-4774,KUTTAWA,42055,S,85000,6.0
Santos,Habel,717,486-4511,LEBANON,17046,M,95000,3.07
Yosuke,Banh,304,160-1176,LYNCO,24857,S,35000,4.75
Ayla,Liebowitz,308,815-9947,COLUMBUS,68601,S,75000,6.84
Sugwoo,Undy,701,989-2848,AMIDON,58620,S,100000,2.914935
Lichao,Wodd,606,810-4744,GULSTON,40830,S,85000,6.0
Ilana,Rohrbach,401,254-3486,PROVIDENCE,2908,M,50000,0.0
Alfried,Shinozawa,302,191-4489,NEWARK,19712,M,60000,5.95
Patrenahalli,Jiang,580,468-5483,BYARS,74831,M,5000,3.0555556
Eiichi,Rennels,256,779-7776,JASPER,35504,S,25000,5.0
Seongtaek,Halpenny,719,443-1287,BRIGHTON,80602,S,45000,4.63
Deepak,Nedjah,218,483-2252,ARCO,56113,M,85000,7.85
Heekeun,Smailagic,989,729-7067,RAY,48096,M,15000,3.9
Ming,Lando,641,648-7802,HAMILTON,50116,S,80000,8.98
Carin,Berdichevsky,307,690-6626,POWELL,82435,S,100000,0.0
Huei,Roelofsen,605,890-3303,SCENIC,57780,M,40000,0.0
Yoshifumi,Piens,980,579-8178,CERRO GORDO,28430,S,55000,6.8863635
Viswanathan,Aidoud,256,710-6703,BRENT,35034,S,55000,5.0
Zarko,Scheunemann,432,902-6987,HOUSTON,77083,M,35000,0.0
Pantelis,Bruha,301,560-6064,CHASE,21027,M,70000,4.75
Jost,Wesselkamper,716,679-3699,MALDEN BRIDGE,12115,M,65000,4.330183
Mohan,Kamp,302,621-3037,NEWARK,19713,M,70000,5.95
Yvon,Castello,712,945-5738,HARTLEY,51346,S,55000,8.65488
Vitor,Olkin,443,992-7621,OCEAN CITY,21843,S,85000,4.75
Norris,Nyberg,802,162-8291,WEST HARTFORD,5084,M,60000,4.1988535
Roy,Kamo,720,625-2521,SNOWMASS VILLAGE,81615,S,45000,4.63
Bhaskar,Brody,610,951-6784,FREDERICK,19435,S,60000,3.07
Veronik,Phan,213,115-2918,MOSS BEACH,94038,S,60000,9.3
Gottfried,Newhagen,515,532-4426,WATERLOO,50706,M,35000,5.567322
Yurii,Holvoet,603,323-9706,BRETTON WOODS,3575,S,35000,0.0
Paulo,Kreutzer,775,680-6320,CARSON CITY,89712,M,95000,0.0
Fytton,Pinar,802,183-4412,LYNDONVILLE,5851,M,60000,4.1988535
Aleksy,Hatcher,207,912-8066,FRENCHBORO,4635,S,25000,8.5
Hueymin,Elustondo,803,623-4371,WALTERBORO,29488,M,95000,7.0
Feniosky,Behm,209,625-6195,CORONADO,92118,M,55000,9.3
Irfan,Demphlous,252,524-1214,WADE,28395,M,60000,6.9912586
Sarnath,Devesa,502,697-2180,HAWESVILLE,42348,M,90000,6.0
Maksim,Kugler,513,925-2196,PINEY FORK,43941,M,60000,2.537718
Adwait,Apt,480,592-9506,INDIAN WELLS,86031,M,60000,3645
Jacques,Arlazarov,571,393-1501,MEADOWS OF DAN,24120,M,85000,5.75
Naoto,Guha,952,155-6140,HAMBURG,55339,S,35000,6.1232123
Iksoo,Gawecki,302,286-6879,FENWICK ISLAND,19944,S,75000,5.95
Atam,Heeffer,406,400-9517,TEIGEN,59084,M,15000,6.9
Otmane,Hardjono,218,416-1694,HAMPTON,55031,S,80000,7.85
Rok,Gabrielian,570,533-6980,SPRUCE CREEK,16683,M,60000,3.07
Anastasios,Kallman,401,206-2558,LITTLE COMPTON,2837,S,50000,0.0
Larissa,Reggio,864,874-6899,ORANGEBURG,29117,M,55000,7.0
Clay,Steigerwald,580,447-8503,LOOKEBA,73053,S,50000,6.25
Xiangmin,Kibati,909,757-3058,HICKMAN,95323,S,100000,9.3
Zhimming,Bresenham,843,642-9334,PAWLEYS ISLAND,29585,S,50000,7.0
Ulfar,Honkala,787,689-2770,GUAYNABO,970,M,100000,0.0
Anca,Bruno,307,332-3470,HUNTLEY,82218,M,45000,0.0
Guozhong,Gurzhiv,913,872-8573,LANSING,66043,M,100000,6.45
Heidi,Lafuente,860,278-6044,WATERBURY,6701,S,80000,5.0
Silvina,Pinches,702,382-6777,CARSON CITY,89703,M,10000,0.0
Arco,Winstone,417,310-6499,LANCASTER,63548,M,60000,6.0
Junhui,Mehlenbacher,781,367-9562,WORCESTER,1653,S,85000,5.3
Papa,Seggelke,302,180-4403,WILMINGTON,19806,S,55000,5.609091
Quingming,Luce,502,740-2132,GOSHEN,40026,M,90000,6.0
Vassos,Smagt,808,163-4388,HONOLULU,96826,M,25000,5.546053
Abdelillah,Meguro,605,949-4999,TYNDALL,57066,M,20000,0.0
Tung,Vandenbroeck,903,727-9815,CROSBYTON,79322,M,35000,0.0
Mitesh,McCluskey,972,499-5026,MACDONA,78054,S,95000,0.0
Karthick,Kriebel,302,770-5468,SMYRNA,19977,M,65000,5.95
Naohide,Heiserman,631,120-2769,STATEN ISLAND,10306,M,20000,4.0695124
Annita,Tidwell,806,380-1839,ACE,77326,S,35000,0.0
Birgit,Beigel,217,959-6767,PRAIRIE CITY,61470,S,65000,3.0
Mooi,Tillert,207,165-5512,LEVANT,4456,M,20000,8.5
Ghassan,Zargham,816,686-2884,ORRICK,64077,M,20000,6.0
Xuding,Spirkovska,307,130-9872,HARTVILLE,82215,M,85000,0.0
Ulfar,Donald,603,174-7163,WALPOLE,3608,M,100000,0.0
Debashis,Bellotti,985,121-2312,NEW ORLEANS,70174,M,80000,6.0
Shiwa,Maslen,918,180-4582,SENTINEL,73664,S,25000,6.25
Naphtali,Tenopir,787,809-6268,ADJUNTAS,601,M,20000,0.0
Liviu,Pavlovsky,478,882-6142,ATLANTA,31196,M,45000,6.0
Denny,Laurillard,434,369-5971,ARK,23003,M,40000,5.75
Hans,O'Reagan,939,825-3977,ARECIBO,613,M,25000,0.0
Ronen,Reeve,401,223-8203,PAWTUCKET,2862,M,75000,0.0
Shensheng,Curthoys,402,615-8277,NICKERSON,68044,S,30000,6.84
Boleslaw,Lucia,304,839-7700,NORTH SPRING,24869,S,70000,6.5
Burke,Peres,316,697-9801,MAPLE CITY,67102,M,35000,6.45
Mark,Sartini,857,498-6364,BERKLEY,2779,M,40000,5.3
Yoni,McCaskey,701,480-3648,MARION,58466,S,10000,2.1
Bodonirina,Kochevar,731,118-6864,MEMPHIS,38148,S,25000,0.0
Jong,Vivekananda,339,246-1890,PEMBROKE,2359,M,50000,5.3
Brennan,Cavendish,703,945-7151,BRODNAX,23920,M,30000,5.75
Mechtild,Saloma,251,204-5079,BIRMINGHAM,35229,S,5000,5.0
Clelia,Yamaashi,229,688-6221,GUYTON,31312,M,70000,6.0
Berl,Tarr,401,958-4419,WEST GREENWICH,2817,M,35000,0.0
Francis,Reischert,402,275-6520,OMAHA,68105,S,20000,5.685643
Maeve,Hannenhalli,314,578-2203,SUCCESS,65570,S,50000,6.0
Verena,Louly,308,579-5631,COLON,68018,M,20000,5.685643
Fredj,Ashish,701,526-3113,SUTTON,58484,M,75000,2.6251287
Pranjal,Schattler,316,896-6789,COLDWATER,67029,M,5000,3.5
Aris,Siochi,910,311-5580,CHARLOTTE,28270,M,15000,6.0472026
Agenor,Draves,808,495-9871,HONOLULU,96844,S,100000,8.25
Brajesh,Carreras,307,578-7036,CASPER,82609,M,60000,0.0
Saulo,Gien,765,572-2295,FREETOWN,47235,M,65000,3.4
Ranjeewa,Braine,646,688-5582,SYRACUSE,13201,M,35000,4.1564026
Weiming,Denna,423,178-9041,LANCASTER,38569,S,20000,0.0
Aiko,Eck,601,976-5545,SANDERSVILLE,39477,S,20000,5.0
Gheith,Arz,907,946-6717,ANIAK,99557,M,90000,0.0
Kazuya,Ahlsen,304,983-5060,RIO,26755,S,55000,6.1499996
Ashish,Zuberek,605,213-4795,PARMELEE,57566,M,80000,0.0
Saurabh,Deren,501,479-9045,STURKIE,72578,S,65000,7.0
Raven,Hasker,570,600-1395,DONEGAL,15628,S,25000,3.07
Mehul,Woog,907,976-1680,PILOT POINT,99649,S,25000,0.0
Micki,Lobjois,469,291-1429,PASADENA,77506,S,15000,0.0
Seongbin,Vural,302,201-7376,HARRINGTON,19952,S,70000,5.95
Mieczyslaw,Templeton,808,221-8443,HONOLULU,96839,S,80000,8.25
Tinsley,Bage,615,339-8950,LYNNVILLE,38472,M,65000,0.0
Hongsheng,Samadani,802,455-6789,SHELDON SPRINGS,5485,M,65000,4.298331
Nguyen,McCloskey,763,751-2822,RUSHFORD,55971,M,75000,7.85
Rob,Dubinsky,715,108-8427,JANESVILLE,53546,S,40000,5.1414094
Staphane,Carrive,720,982-5140,AURORA,80044,M,55000,4.63
Sakthirel,Laguitton,202,143-3135,WASHINGTON,20232,S,65000,9.0
Yoshimoto,Stiliadis,802,568-4937,IRASBURG,5845,S,80000,4.5967627
Suhir,Galtieli,256,229-9313,LESTER,35647,S,20000,5.0
Thyagarajan,Molenkamp,971,479-8220,GLENDALE,97442,S,40000,9.0
Selmer,Krohm,802,159-5492,CORINTH,5039,S,70000,4.397808
Salil,Kasahara,207,587-4680,BLAINE,4734,M,45000,8.5
Betsy,Frauenstein,971,374-1372,PORTLAND,97211,S,70000,9.0
Brion,Heiserman,541,508-1748,SUMPTER,97877,S,70000,9.0
Raymonde,Jagannathan,316,402-3177,TOPEKA,66667,M,25000,5.4666667
Belarmino,Tanemo,406,933-4601,BABB,59411,S,80000,6.9
Ilagit,Shanmugasundaram,202,544-3006,WASHINGTON,20453,M,5000,4.5
Case,Erdi,859,956-7015,NEWPORT,41071,M,10000,2.3888888
Ajit,Miyakawa,413,462-9920,AMHERST,1002,M,5000,5.3
Schuyler,Marefat,251,396-1808,CARROLLTON,35447,M,25000,5.0
Raimundo,Yochum,848,105-3717,PRINCETON,8540,S,50000,1.873125
Whay,Dkaki,801,353-2129,CEDAR CITY,84720,M,25000,7.0
Nasi,Losco,608,942-3619,RACINE,53405,M,60000,5.488912
Valeri,Brunk,918,340-2997,OKLAHOMA CITY,73179,M,80000,6.25
Johanna,Haban,406,797-1290,GARRISON,59731,M,60000,6.9
Joaquin,Cremonini,925,600-4925,LINCOLN ACRES,91947,S,95000,9.3
Xianging,Uren,406,376-3491,FALLON,59326,M,35000,6.9
Orin,Kubicka,203,975-5136,SOUTHPORT,6890,S,10000,NaN
Kiyoshi,Chubarov,520,976-1603,PHOENIX,85021,M,85000,4.0325
Lucia,Bencher,605,671-4609,BURKE,57523,S,25000,0.0
Terrance,Roskies,337,619-3526,HOSSTON,71043,S,20000,4.4
Demetri,Pocholle,917,848-7256,BRONX,10468,M,90000,4475
Jaynarayan,Kaas,423,492-9389,DYER,38330,M,35000,0.0
Zavid,Christopher,603,764-2677,CENTER CONWAY,3813,M,80000,0.0
Elia,Laugerotte,603,327-1132,SUNAPEE,3782,M,90000,0.0
Dhamir,Bernatsky,507,816-6296,LITTLEFORK,56653,S,70000,7.85
Cirano,Protasov,719,436-2782,MERINO,80741,M,85000,4.63
Rossella,Wetherbe,701,900-1126,CATHAY,58422,M,60000,2.451245
Chanjung,Hagert,931,335-9773,MARYVILLE,37804,S,55000,0.0
Deanne,Palomar,252,227-5970,CEDAR MOUNTAIN,28718,M,15000,6.0472026
Federico,Laxer,952,742-3008,GRAND MARAIS,55604,M,20000,5.35
Eduardo,Guerriero,603,161-5894,EAST ANDOVER,3231,M,5000,0.0
